숙소 링크,평점,후기 개수,이미지 파일
https://www.airbnb.co.kr/rooms/669330404114759711?search_mode=regular_search&adults=1&check_in=2025-07-11&check_out=2025-07-16&children=0&infants=0&pets=0&source_impression_id=p3_1744545443_P30l4iioaJ02WOjf&previous_page_section_name=1000&federated_search_id=323a8e5b-7f46-48df-8595-1fa6c8476072,4.88,322.0,airbnb_images\숙소_1.jpg
https://www.airbnb.co.kr/rooms/1301063727673414005?search_mode=regular_search&adults=1&check_in=2025-07-07&check_out=2025-07-12&children=0&infants=0&pets=0&source_impression_id=p3_1744545443_P3ogbwT_ZciBKRUO&previous_page_section_name=1000&federated_search_id=323a8e5b-7f46-48df-8595-1fa6c8476072,4.94,18.0,airbnb_images\숙소_2.jpg
https://www.airbnb.co.kr/rooms/910378669113461558?search_mode=regular_search&adults=1&check_in=2025-04-13&check_out=2025-04-18&children=0&infants=0&pets=0&source_impression_id=p3_1744545443_P3q1b6htAAVdKwwy&previous_page_section_name=1000&federated_search_id=323a8e5b-7f46-48df-8595-1fa6c8476072,4.94,94.0,airbnb_images\숙소_3.jpg
https://www.airbnb.co.kr/rooms/1012949610528293644?search_mode=regular_search&adults=1&check_in=2025-06-01&check_out=2025-06-06&children=0&infants=0&pets=0&source_impression_id=p3_1744545443_P3cQdFMNeQHhzdu5&previous_page_section_name=1000&federated_search_id=323a8e5b-7f46-48df-8595-1fa6c8476072,4.84,103.0,airbnb_images\숙소_4.jpg
https://www.airbnb.co.kr/rooms/1387249373321037387?search_mode=regular_search&adults=1&check_in=2025-04-26&check_out=2025-05-01&children=0&infants=0&pets=0&source_impression_id=p3_1744545443_P3QN0Huw9xuEO3Gr&previous_page_section_name=1000&federated_search_id=323a8e5b-7f46-48df-8595-1fa6c8476072,,2.0,airbnb_images\숙소_5.jpg
https://www.airbnb.co.kr/rooms/1349252330991372942?search_mode=regular_search&adults=1&check_in=2025-06-04&check_out=2025-06-09&children=0&infants=0&pets=0&source_impression_id=p3_1744545443_P3MfWcW4vU-1eVwJ&previous_page_section_name=1000&federated_search_id=323a8e5b-7f46-48df-8595-1fa6c8476072,5.0,15.0,airbnb_images\숙소_6.jpg
https://www.airbnb.co.kr/rooms/1341077628779968212?search_mode=regular_search&adults=1&check_in=2025-07-09&check_out=2025-07-14&children=0&infants=0&pets=0&source_impression_id=p3_1744545443_P3qnaSpkEG_dFG9B&previous_page_section_name=1000&federated_search_id=323a8e5b-7f46-48df-8595-1fa6c8476072,4.91,11.0,airbnb_images\숙소_7.jpg
https://www.airbnb.co.kr/rooms/751971456294348365?search_mode=regular_search&adults=1&check_in=2025-05-06&check_out=2025-05-11&children=0&infants=0&pets=0&source_impression_id=p3_1744545443_P3BS68r38z6FQKt7&previous_page_section_name=1000&federated_search_id=323a8e5b-7f46-48df-8595-1fa6c8476072,4.85,92.0,airbnb_images\숙소_8.jpg
https://www.airbnb.co.kr/rooms/1341025699765177571?search_mode=regular_search&adults=1&check_in=2025-05-31&check_out=2025-06-05&children=0&infants=0&pets=0&source_impression_id=p3_1744545443_P31ILiax1hGBOu_0&previous_page_section_name=1000&federated_search_id=323a8e5b-7f46-48df-8595-1fa6c8476072,4.89,9.0,airbnb_images\숙소_9.jpg
https://www.airbnb.co.kr/rooms/1201817252824686603?search_mode=regular_search&adults=1&check_in=2025-04-27&check_out=2025-05-02&children=0&infants=0&pets=0&source_impression_id=p3_1744545443_P3S7hlNahHSXZFb_&previous_page_section_name=1000&federated_search_id=323a8e5b-7f46-48df-8595-1fa6c8476072,4.88,32.0,airbnb_images\숙소_10.jpg
https://www.airbnb.co.kr/rooms/1253246208791489792?search_mode=regular_search&adults=1&check_in=2025-05-05&check_out=2025-05-10&children=0&infants=0&pets=0&source_impression_id=p3_1744545443_P3k10KcRGnWXd1xF&previous_page_section_name=1000&federated_search_id=323a8e5b-7f46-48df-8595-1fa6c8476072,,1.0,airbnb_images\숙소_11.jpg
https://www.airbnb.co.kr/rooms/46404598?search_mode=regular_search&adults=1&check_in=2025-07-02&check_out=2025-07-07&children=0&infants=0&pets=0&source_impression_id=p3_1744545443_P30lm4M6h9_yCktS&previous_page_section_name=1000&federated_search_id=323a8e5b-7f46-48df-8595-1fa6c8476072,4.81,153.0,airbnb_images\숙소_12.jpg
https://www.airbnb.co.kr/rooms/1357245720526572620?search_mode=regular_search&adults=1&check_in=2025-05-07&check_out=2025-05-12&children=0&infants=0&pets=0&source_impression_id=p3_1744545443_P3jJrMZmBPbITS-X&previous_page_section_name=1000&federated_search_id=323a8e5b-7f46-48df-8595-1fa6c8476072,4.86,7.0,airbnb_images\숙소_13.jpg
https://www.airbnb.co.kr/rooms/883024641546505405?search_mode=regular_search&adults=1&check_in=2025-04-13&check_out=2025-04-18&children=0&infants=0&pets=0&source_impression_id=p3_1744545443_P3HSKrNePjy4OpiV&previous_page_section_name=1000&federated_search_id=323a8e5b-7f46-48df-8595-1fa6c8476072,4.98,52.0,airbnb_images\숙소_14.jpg
https://www.airbnb.co.kr/rooms/1319190464275102697?search_mode=regular_search&adults=1&check_in=2025-05-18&check_out=2025-05-23&children=0&infants=0&pets=0&source_impression_id=p3_1744545443_P3mvdzrxk-dW0jPR&previous_page_section_name=1000&federated_search_id=323a8e5b-7f46-48df-8595-1fa6c8476072,4.78,9.0,airbnb_images\숙소_15.jpg
https://www.airbnb.co.kr/rooms/650241516097136804?search_mode=regular_search&adults=1&check_in=2025-05-05&check_out=2025-05-10&children=0&infants=0&pets=0&source_impression_id=p3_1744545443_P3NOga9DnpPa75Du&previous_page_section_name=1000&federated_search_id=323a8e5b-7f46-48df-8595-1fa6c8476072,4.88,147.0,airbnb_images\숙소_16.jpg
https://www.airbnb.co.kr/rooms/1374299267450662512?search_mode=regular_search&adults=1&check_in=2025-06-02&check_out=2025-06-07&children=0&infants=0&pets=0&source_impression_id=p3_1744545443_P3XVdd64-Sv_qWdz&previous_page_section_name=1000&federated_search_id=323a8e5b-7f46-48df-8595-1fa6c8476072,5.0,7.0,airbnb_images\숙소_17.jpg
https://www.airbnb.co.kr/rooms/1291301483912576336?search_mode=regular_search&adults=1&check_in=2025-08-29&check_out=2025-09-03&children=0&infants=0&pets=0&source_impression_id=p3_1744545443_P3atjdGigr7N-taa&previous_page_section_name=1000&federated_search_id=323a8e5b-7f46-48df-8595-1fa6c8476072,4.95,22.0,airbnb_images\숙소_18.jpg
https://www.airbnb.co.kr/rooms/1269481262836819283?search_mode=regular_search&adults=1&check_in=2025-05-18&check_out=2025-05-23&children=0&infants=0&pets=0&source_impression_id=p3_1744545557_P3IhudWLCQg_ZvAp&previous_page_section_name=1000&federated_search_id=54ffb7e9-9c8b-48e2-8f20-826e57ec6fc3,4.86,28.0,airbnb_images\숙소_19.jpg
https://www.airbnb.co.kr/rooms/1309066628704325203?search_mode=regular_search&adults=1&check_in=2025-05-05&check_out=2025-05-10&children=0&infants=0&pets=0&source_impression_id=p3_1744545557_P3QSHvAEV5LP174D&previous_page_section_name=1000&federated_search_id=54ffb7e9-9c8b-48e2-8f20-826e57ec6fc3,4.87,15.0,airbnb_images\숙소_20.jpg
https://www.airbnb.co.kr/rooms/46827730?search_mode=regular_search&adults=1&check_in=2025-05-06&check_out=2025-05-11&children=0&infants=0&pets=0&source_impression_id=p3_1744545557_P3eROD4QQP7lksgm&previous_page_section_name=1000&federated_search_id=54ffb7e9-9c8b-48e2-8f20-826e57ec6fc3,4.73,266.0,airbnb_images\숙소_21.jpg
https://www.airbnb.co.kr/rooms/1386746268119377133?search_mode=regular_search&adults=1&check_in=2025-04-27&check_out=2025-05-02&children=0&infants=0&pets=0&source_impression_id=p3_1744545557_P39lMSeLTx3Em1Md&previous_page_section_name=1000&federated_search_id=54ffb7e9-9c8b-48e2-8f20-826e57ec6fc3,,1.0,airbnb_images\숙소_22.jpg
https://www.airbnb.co.kr/rooms/1291305951276476851?search_mode=regular_search&adults=1&check_in=2025-06-23&check_out=2025-06-28&children=0&infants=0&pets=0&source_impression_id=p3_1744545557_P32zAe1T_o-6MTI4&previous_page_section_name=1000&federated_search_id=54ffb7e9-9c8b-48e2-8f20-826e57ec6fc3,5.0,22.0,airbnb_images\숙소_23.jpg
https://www.airbnb.co.kr/rooms/1335277105241119559?search_mode=regular_search&adults=1&check_in=2025-06-17&check_out=2025-06-22&children=0&infants=0&pets=0&source_impression_id=p3_1744545557_P3SS6bkG4uNsiKjX&previous_page_section_name=1000&federated_search_id=54ffb7e9-9c8b-48e2-8f20-826e57ec6fc3,4.93,14.0,airbnb_images\숙소_24.jpg
https://www.airbnb.co.kr/rooms/1338246356494711480?search_mode=regular_search&adults=1&check_in=2025-05-12&check_out=2025-05-17&children=0&infants=0&pets=0&source_impression_id=p3_1744545557_P3ouP_2UVvk1Sfki&previous_page_section_name=1000&federated_search_id=54ffb7e9-9c8b-48e2-8f20-826e57ec6fc3,5.0,3.0,airbnb_images\숙소_25.jpg
https://www.airbnb.co.kr/rooms/1357187672189966983?search_mode=regular_search&adults=1&check_in=2025-06-28&check_out=2025-07-03&children=0&infants=0&pets=0&source_impression_id=p3_1744545557_P3PzF9XtHEjHXiG0&previous_page_section_name=1000&federated_search_id=54ffb7e9-9c8b-48e2-8f20-826e57ec6fc3,5.0,12.0,airbnb_images\숙소_26.jpg
https://www.airbnb.co.kr/rooms/886499767757358742?search_mode=regular_search&adults=1&check_in=2025-04-27&check_out=2025-05-02&children=0&infants=0&pets=0&source_impression_id=p3_1744545557_P3I68T1FkpE2rNHk&previous_page_section_name=1000&federated_search_id=54ffb7e9-9c8b-48e2-8f20-826e57ec6fc3,4.85,78.0,airbnb_images\숙소_27.jpg
https://www.airbnb.co.kr/rooms/1292966583584671349?search_mode=regular_search&adults=1&check_in=2025-05-08&check_out=2025-05-13&children=0&infants=0&pets=0&source_impression_id=p3_1744545557_P3ro_38P_L_66q7z&previous_page_section_name=1000&federated_search_id=54ffb7e9-9c8b-48e2-8f20-826e57ec6fc3,5.0,5.0,airbnb_images\숙소_28.jpg
https://www.airbnb.co.kr/rooms/1385265707721345379?search_mode=regular_search&adults=1&check_in=2025-05-04&check_out=2025-05-09&children=0&infants=0&pets=0&source_impression_id=p3_1744545557_P3aIHVUjxbiUQYPH&previous_page_section_name=1000&federated_search_id=54ffb7e9-9c8b-48e2-8f20-826e57ec6fc3,5.0,3.0,airbnb_images\숙소_29.jpg
https://www.airbnb.co.kr/rooms/1330128525132398464?search_mode=regular_search&adults=1&check_in=2025-05-13&check_out=2025-05-18&children=0&infants=0&pets=0&source_impression_id=p3_1744545557_P3kBnCqCmOoHHx93&previous_page_section_name=1000&federated_search_id=54ffb7e9-9c8b-48e2-8f20-826e57ec6fc3,4.95,22.0,airbnb_images\숙소_30.jpg
https://www.airbnb.co.kr/rooms/1354797871489050137?search_mode=regular_search&adults=1&check_in=2025-07-22&check_out=2025-07-27&children=0&infants=0&pets=0&source_impression_id=p3_1744545557_P32WEip1_SKDFBVj&previous_page_section_name=1000&federated_search_id=54ffb7e9-9c8b-48e2-8f20-826e57ec6fc3,5.0,11.0,airbnb_images\숙소_31.jpg
https://www.airbnb.co.kr/rooms/1378663247382889604?search_mode=regular_search&adults=1&check_in=2025-05-06&check_out=2025-05-11&children=0&infants=0&pets=0&source_impression_id=p3_1744545557_P3wQd1y-5DNwNQhQ&previous_page_section_name=1000&federated_search_id=54ffb7e9-9c8b-48e2-8f20-826e57ec6fc3,,2.0,airbnb_images\숙소_32.jpg
https://www.airbnb.co.kr/rooms/41394634?search_mode=regular_search&adults=1&check_in=2025-05-11&check_out=2025-05-16&children=0&infants=0&pets=0&source_impression_id=p3_1744545557_P3A_ooQ4DzDOMaXn&previous_page_section_name=1000&federated_search_id=54ffb7e9-9c8b-48e2-8f20-826e57ec6fc3,4.81,196.0,airbnb_images\숙소_33.jpg
https://www.airbnb.co.kr/rooms/1240410075235029899?search_mode=regular_search&adults=1&check_in=2025-05-18&check_out=2025-05-23&children=0&infants=0&pets=0&source_impression_id=p3_1744545557_P3w14jgUQifMiLCd&previous_page_section_name=1000&federated_search_id=54ffb7e9-9c8b-48e2-8f20-826e57ec6fc3,4.94,34.0,airbnb_images\숙소_34.jpg
https://www.airbnb.co.kr/rooms/1235373370497621878?search_mode=regular_search&adults=1&check_in=2025-04-13&check_out=2025-04-18&children=0&infants=0&pets=0&source_impression_id=p3_1744545557_P30lZOwEsh0RTzM-&previous_page_section_name=1000&federated_search_id=54ffb7e9-9c8b-48e2-8f20-826e57ec6fc3,4.98,50.0,airbnb_images\숙소_35.jpg
https://www.airbnb.co.kr/rooms/1388914627029134463?search_mode=regular_search&adults=1&check_in=2025-05-05&check_out=2025-05-10&children=0&infants=0&pets=0&source_impression_id=p3_1744545557_P3BtmeED547OOsYS&previous_page_section_name=1000&federated_search_id=54ffb7e9-9c8b-48e2-8f20-826e57ec6fc3,,2.0,airbnb_images\숙소_36.jpg
https://www.airbnb.co.kr/rooms/818371658007723468?search_mode=regular_search&adults=1&check_in=2025-04-27&check_out=2025-05-02&children=0&infants=0&pets=0&source_impression_id=p3_1744545688_P3-xzd-R19Yjdhvl&previous_page_section_name=1000&federated_search_id=bde520c3-d706-4fa5-8946-8485b133ada1,4.84,57.0,airbnb_images\숙소_37.jpg
https://www.airbnb.co.kr/rooms/1176491352558504015?search_mode=regular_search&adults=1&check_in=2025-06-02&check_out=2025-06-07&children=0&infants=0&pets=0&source_impression_id=p3_1744545688_P3K3_kIi9OCc6krt&previous_page_section_name=1000&federated_search_id=bde520c3-d706-4fa5-8946-8485b133ada1,4.94,33.0,airbnb_images\숙소_38.jpg
https://www.airbnb.co.kr/rooms/1255706751179752057?search_mode=regular_search&adults=1&check_in=2025-04-27&check_out=2025-05-02&children=0&infants=0&pets=0&source_impression_id=p3_1744545688_P3Rtz5rANsDQZ2O5&previous_page_section_name=1000&federated_search_id=bde520c3-d706-4fa5-8946-8485b133ada1,4.56,16.0,airbnb_images\숙소_39.jpg
https://www.airbnb.co.kr/rooms/881415242527465576?search_mode=regular_search&adults=1&check_in=2025-05-11&check_out=2025-05-16&children=0&infants=0&pets=0&source_impression_id=p3_1744545688_P3QR4dquXeWoZUZS&previous_page_section_name=1000&federated_search_id=bde520c3-d706-4fa5-8946-8485b133ada1,4.88,96.0,airbnb_images\숙소_40.jpg
https://www.airbnb.co.kr/rooms/962540943678918013?search_mode=regular_search&adults=1&check_in=2025-05-05&check_out=2025-05-10&children=0&infants=0&pets=0&source_impression_id=p3_1744545688_P3XGtWMYeTV8MKca&previous_page_section_name=1000&federated_search_id=bde520c3-d706-4fa5-8946-8485b133ada1,4.89,138.0,airbnb_images\숙소_41.jpg
https://www.airbnb.co.kr/rooms/49427619?search_mode=regular_search&adults=1&check_in=2025-04-20&check_out=2025-04-25&children=0&infants=0&pets=0&source_impression_id=p3_1744545688_P3XbGNTNiQxb-saP&previous_page_section_name=1000&federated_search_id=bde520c3-d706-4fa5-8946-8485b133ada1,4.69,65.0,airbnb_images\숙소_42.jpg
https://www.airbnb.co.kr/rooms/1252009069644685190?search_mode=regular_search&adults=1&check_in=2025-05-06&check_out=2025-05-11&children=0&infants=0&pets=0&source_impression_id=p3_1744545688_P3FRMd-bLyQxPKp7&previous_page_section_name=1000&federated_search_id=bde520c3-d706-4fa5-8946-8485b133ada1,4.69,16.0,airbnb_images\숙소_43.jpg
https://www.airbnb.co.kr/rooms/52944199?search_mode=regular_search&adults=1&check_in=2025-04-27&check_out=2025-05-02&children=0&infants=0&pets=0&source_impression_id=p3_1744545688_P3vE6vsxW7nti1Oe&previous_page_section_name=1000&federated_search_id=bde520c3-d706-4fa5-8946-8485b133ada1,4.71,266.0,airbnb_images\숙소_44.jpg
https://www.airbnb.co.kr/rooms/1249174135761563986?search_mode=regular_search&adults=1&check_in=2025-06-24&check_out=2025-06-29&children=0&infants=0&pets=0&source_impression_id=p3_1744545688_P3WYZidJP510llmK&previous_page_section_name=1000&federated_search_id=bde520c3-d706-4fa5-8946-8485b133ada1,5.0,42.0,airbnb_images\숙소_45.jpg
https://www.airbnb.co.kr/rooms/1377568278915531852?search_mode=regular_search&adults=1&check_in=2025-05-19&check_out=2025-05-24&children=0&infants=0&pets=0&source_impression_id=p3_1744545688_P31yveZiv_pwGdjo&previous_page_section_name=1000&federated_search_id=bde520c3-d706-4fa5-8946-8485b133ada1,,2.0,airbnb_images\숙소_46.jpg
https://www.airbnb.co.kr/rooms/896694369026367205?search_mode=regular_search&adults=1&check_in=2025-04-27&check_out=2025-05-02&children=0&infants=0&pets=0&source_impression_id=p3_1744545688_P3BLRDQSuxftkr8Z&previous_page_section_name=1000&federated_search_id=bde520c3-d706-4fa5-8946-8485b133ada1,4.85,111.0,airbnb_images\숙소_47.jpg
https://www.airbnb.co.kr/rooms/1256913692924077782?search_mode=regular_search&adults=1&check_in=2025-05-11&check_out=2025-05-16&children=0&infants=0&pets=0&source_impression_id=p3_1744545688_P3LXafxJA7VbJI1W&previous_page_section_name=1000&federated_search_id=bde520c3-d706-4fa5-8946-8485b133ada1,5.0,23.0,airbnb_images\숙소_48.jpg
https://www.airbnb.co.kr/rooms/1375778256993933737?search_mode=regular_search&adults=1&check_in=2025-05-10&check_out=2025-05-15&children=0&infants=0&pets=0&source_impression_id=p3_1744545688_P3EKDdeCKK8or3PH&previous_page_section_name=1000&federated_search_id=bde520c3-d706-4fa5-8946-8485b133ada1,,2.0,airbnb_images\숙소_49.jpg
https://www.airbnb.co.kr/rooms/906738637760984695?search_mode=regular_search&adults=1&check_in=2025-08-30&check_out=2025-09-04&children=0&infants=0&pets=0&source_impression_id=p3_1744545688_P3fTEwn_pgFlTB21&previous_page_section_name=1000&federated_search_id=bde520c3-d706-4fa5-8946-8485b133ada1,4.96,102.0,airbnb_images\숙소_50.jpg
https://www.airbnb.co.kr/rooms/52594236?search_mode=regular_search&adults=1&check_in=2025-04-21&check_out=2025-04-26&children=0&infants=0&pets=0&source_impression_id=p3_1744545688_P30TTHxtmFtkUSkl&previous_page_section_name=1000&federated_search_id=bde520c3-d706-4fa5-8946-8485b133ada1,4.69,169.0,airbnb_images\숙소_51.jpg
https://www.airbnb.co.kr/rooms/1272068567567088135?search_mode=regular_search&adults=1&check_in=2025-05-05&check_out=2025-05-10&children=0&infants=0&pets=0&source_impression_id=p3_1744545688_P3jVPjuGetk_uzU-&previous_page_section_name=1000&federated_search_id=bde520c3-d706-4fa5-8946-8485b133ada1,5.0,23.0,airbnb_images\숙소_52.jpg
https://www.airbnb.co.kr/rooms/1317278108495611042?search_mode=regular_search&adults=1&check_in=2025-05-11&check_out=2025-05-16&children=0&infants=0&pets=0&source_impression_id=p3_1744545688_P3lCeucMiY2eSBdN&previous_page_section_name=1000&federated_search_id=bde520c3-d706-4fa5-8946-8485b133ada1,5.0,6.0,airbnb_images\숙소_53.jpg
https://www.airbnb.co.kr/rooms/732267603314454632?search_mode=regular_search&adults=1&check_in=2025-04-20&check_out=2025-04-25&children=0&infants=0&pets=0&source_impression_id=p3_1744545688_P3VCl8LO_8JgeaYG&previous_page_section_name=1000&federated_search_id=bde520c3-d706-4fa5-8946-8485b133ada1,4.97,151.0,airbnb_images\숙소_54.jpg
https://www.airbnb.co.kr/rooms/1228974547399833303?search_mode=regular_search&adults=1&check_in=2025-06-21&check_out=2025-06-26&children=0&infants=0&pets=0&source_impression_id=p3_1744545807_P3If4jKG0hHEzQCW&previous_page_section_name=1000&federated_search_id=a527f0b5-191c-4a53-b4f7-52d7493b651d,5.0,31.0,N/A
https://www.airbnb.co.kr/rooms/1305273861684182884?search_mode=regular_search&adults=1&check_in=2025-08-17&check_out=2025-08-22&children=0&infants=0&pets=0&source_impression_id=p3_1744545807_P34rFCYDyY-Nt9dA&previous_page_section_name=1000&federated_search_id=a527f0b5-191c-4a53-b4f7-52d7493b651d,4.82,22.0,airbnb_images\숙소_56.jpg
https://www.airbnb.co.kr/rooms/1383157908346665237?search_mode=regular_search&adults=1&check_in=2025-05-12&check_out=2025-05-17&children=0&infants=0&pets=0&source_impression_id=p3_1744545807_P3Oz2yFHBUgY_rcV&previous_page_section_name=1000&federated_search_id=a527f0b5-191c-4a53-b4f7-52d7493b651d,,1.0,airbnb_images\숙소_57.jpg
https://www.airbnb.co.kr/rooms/1240338644607018058?search_mode=regular_search&adults=1&check_in=2025-04-14&check_out=2025-04-19&children=0&infants=0&pets=0&source_impression_id=p3_1744545807_P3AEQ7tCmtXDD21g&previous_page_section_name=1000&federated_search_id=a527f0b5-191c-4a53-b4f7-52d7493b651d,4.62,13.0,airbnb_images\숙소_58.jpg
https://www.airbnb.co.kr/rooms/805362983161258265?search_mode=regular_search&adults=1&check_in=2025-07-03&check_out=2025-07-08&children=0&infants=0&pets=0&source_impression_id=p3_1744545807_P3Kr6BeYJF1zvON8&previous_page_section_name=1000&federated_search_id=a527f0b5-191c-4a53-b4f7-52d7493b651d,4.96,107.0,airbnb_images\숙소_59.jpg
https://www.airbnb.co.kr/rooms/1323638995186407151?search_mode=regular_search&adults=1&check_in=2025-06-27&check_out=2025-07-02&children=0&infants=0&pets=0&source_impression_id=p3_1744545807_P3oUmhy_nt5rvkiN&previous_page_section_name=1000&federated_search_id=a527f0b5-191c-4a53-b4f7-52d7493b651d,4.96,24.0,airbnb_images\숙소_60.jpg
https://www.airbnb.co.kr/rooms/1030214080127699635?search_mode=regular_search&adults=1&check_in=2025-04-28&check_out=2025-05-03&children=0&infants=0&pets=0&source_impression_id=p3_1744545807_P3QBqKTbfPF5qgdj&previous_page_section_name=1000&federated_search_id=a527f0b5-191c-4a53-b4f7-52d7493b651d,4.98,60.0,airbnb_images\숙소_61.jpg
https://www.airbnb.co.kr/rooms/1359155997976993894?search_mode=regular_search&adults=1&check_in=2025-05-11&check_out=2025-05-16&children=0&infants=0&pets=0&source_impression_id=p3_1744545807_P31Yu-okuhDzyJ3H&previous_page_section_name=1000&federated_search_id=a527f0b5-191c-4a53-b4f7-52d7493b651d,5.0,5.0,airbnb_images\숙소_62.jpg
https://www.airbnb.co.kr/rooms/1086956392538351562?search_mode=regular_search&adults=1&check_in=2026-03-01&check_out=2026-03-06&children=0&infants=0&pets=0&source_impression_id=p3_1744545807_P3Lth0I2Jah9M3VY&previous_page_section_name=1000&federated_search_id=a527f0b5-191c-4a53-b4f7-52d7493b651d,4.96,69.0,airbnb_images\숙소_63.jpg
https://www.airbnb.co.kr/rooms/563329291341360940?search_mode=regular_search&adults=1&check_in=2025-04-27&check_out=2025-05-02&children=0&infants=0&pets=0&source_impression_id=p3_1744545807_P3CcOBe7cbyMWWQ4&previous_page_section_name=1000&federated_search_id=a527f0b5-191c-4a53-b4f7-52d7493b651d,4.86,131.0,airbnb_images\숙소_64.jpg
https://www.airbnb.co.kr/rooms/980156834935671807?search_mode=regular_search&adults=1&check_in=2025-06-03&check_out=2025-06-08&children=0&infants=0&pets=0&source_impression_id=p3_1744545807_P34KmsDVMAL_biJQ&previous_page_section_name=1000&federated_search_id=a527f0b5-191c-4a53-b4f7-52d7493b651d,5.0,12.0,airbnb_images\숙소_65.jpg
https://www.airbnb.co.kr/rooms/844775007296398773?search_mode=regular_search&adults=1&check_in=2025-05-19&check_out=2025-05-24&children=0&infants=0&pets=0&source_impression_id=p3_1744545807_P37BITWiHqAe0UAf&previous_page_section_name=1000&federated_search_id=a527f0b5-191c-4a53-b4f7-52d7493b651d,4.88,147.0,airbnb_images\숙소_66.jpg
https://www.airbnb.co.kr/rooms/1366191594253398649?search_mode=regular_search&adults=1&check_in=2025-06-23&check_out=2025-06-28&children=0&infants=0&pets=0&source_impression_id=p3_1744545807_P3RmZ_z7UM256v-V&previous_page_section_name=1000&federated_search_id=a527f0b5-191c-4a53-b4f7-52d7493b651d,,2.0,airbnb_images\숙소_67.jpg
https://www.airbnb.co.kr/rooms/943577143000045473?search_mode=regular_search&adults=1&check_in=2025-05-05&check_out=2025-05-10&children=0&infants=0&pets=0&source_impression_id=p3_1744545807_P3SUfhyte6puH9mG&previous_page_section_name=1000&federated_search_id=a527f0b5-191c-4a53-b4f7-52d7493b651d,4.86,110.0,airbnb_images\숙소_68.jpg
https://www.airbnb.co.kr/rooms/1013003395491995819?search_mode=regular_search&adults=1&check_in=2025-07-05&check_out=2025-07-10&children=0&infants=0&pets=0&source_impression_id=p3_1744545807_P3sYLMdKZeUTZC6j&previous_page_section_name=1000&federated_search_id=a527f0b5-191c-4a53-b4f7-52d7493b651d,4.83,64.0,airbnb_images\숙소_69.jpg
https://www.airbnb.co.kr/rooms/1024434988342499469?search_mode=regular_search&adults=1&check_in=2025-04-27&check_out=2025-05-02&children=0&infants=0&pets=0&source_impression_id=p3_1744545807_P30pexTFyTb2Gs7_&previous_page_section_name=1000&federated_search_id=a527f0b5-191c-4a53-b4f7-52d7493b651d,4.56,43.0,airbnb_images\숙소_70.jpg
https://www.airbnb.co.kr/rooms/848218552171167257?search_mode=regular_search&adults=1&check_in=2025-04-21&check_out=2025-04-26&children=0&infants=0&pets=0&source_impression_id=p3_1744545807_P3iyWh8FRx3gNNH8&previous_page_section_name=1000&federated_search_id=a527f0b5-191c-4a53-b4f7-52d7493b651d,4.74,108.0,airbnb_images\숙소_71.jpg
https://www.airbnb.co.kr/rooms/1151624659821197744?search_mode=regular_search&adults=1&check_in=2025-07-05&check_out=2025-07-10&children=0&infants=0&pets=0&source_impression_id=p3_1744545807_P3p-2wVGBwsokGrd&previous_page_section_name=1000&federated_search_id=a527f0b5-191c-4a53-b4f7-52d7493b651d,4.86,59.0,airbnb_images\숙소_72.jpg
https://www.airbnb.co.kr/rooms/1341765667865684456?search_mode=regular_search&adults=1&check_in=2025-07-06&check_out=2025-07-11&children=0&infants=0&pets=0&source_impression_id=p3_1744545916_P3Sdp7dhcKZGUByE&previous_page_section_name=1000&federated_search_id=1f0422b1-cee5-4be1-836d-cf3635964468,4.92,25.0,airbnb_images\숙소_73.jpg
https://www.airbnb.co.kr/rooms/977940896371873447?search_mode=regular_search&adults=1&check_in=2025-05-04&check_out=2025-05-09&children=0&infants=0&pets=0&source_impression_id=p3_1744545916_P3vLyiybZv5qSMVI&previous_page_section_name=1000&federated_search_id=1f0422b1-cee5-4be1-836d-cf3635964468,4.88,26.0,airbnb_images\숙소_74.jpg
https://www.airbnb.co.kr/rooms/1255357479725982344?search_mode=regular_search&adults=1&check_in=2025-07-15&check_out=2025-07-20&children=0&infants=0&pets=0&source_impression_id=p3_1744545916_P3SYZrjDws4GbLIo&previous_page_section_name=1000&federated_search_id=1f0422b1-cee5-4be1-836d-cf3635964468,4.95,20.0,airbnb_images\숙소_75.jpg
https://www.airbnb.co.kr/rooms/1302828220616045213?search_mode=regular_search&adults=1&check_in=2025-09-03&check_out=2025-09-08&children=0&infants=0&pets=0&source_impression_id=p3_1744545916_P3ekp4bCFywu1qRs&previous_page_section_name=1000&federated_search_id=1f0422b1-cee5-4be1-836d-cf3635964468,5.0,26.0,airbnb_images\숙소_76.jpg
https://www.airbnb.co.kr/rooms/1389789100952771450?search_mode=regular_search&adults=1&check_in=2025-05-06&check_out=2025-05-11&children=0&infants=0&pets=0&source_impression_id=p3_1744545916_P3EL14FprQ4RehMs&previous_page_section_name=1000&federated_search_id=1f0422b1-cee5-4be1-836d-cf3635964468,,,airbnb_images\숙소_77.jpg
https://www.airbnb.co.kr/rooms/843733879543015440?search_mode=regular_search&adults=1&check_in=2025-06-28&check_out=2025-07-03&children=0&infants=0&pets=0&source_impression_id=p3_1744545916_P3-5hngniOvdfQJT&previous_page_section_name=1000&federated_search_id=1f0422b1-cee5-4be1-836d-cf3635964468,4.94,94.0,airbnb_images\숙소_78.jpg
https://www.airbnb.co.kr/rooms/1319182913430661957?search_mode=regular_search&adults=1&check_in=2025-04-27&check_out=2025-05-02&children=0&infants=0&pets=0&source_impression_id=p3_1744545916_P3mM_51uXRhiIwup&previous_page_section_name=1000&federated_search_id=1f0422b1-cee5-4be1-836d-cf3635964468,5.0,7.0,airbnb_images\숙소_79.jpg
https://www.airbnb.co.kr/rooms/1356443757336748241?search_mode=regular_search&adults=1&check_in=2025-09-19&check_out=2025-09-24&children=0&infants=0&pets=0&source_impression_id=p3_1744545916_P3dkJIdVA8V6LM0W&previous_page_section_name=1000&federated_search_id=1f0422b1-cee5-4be1-836d-cf3635964468,5.0,6.0,airbnb_images\숙소_80.jpg
https://www.airbnb.co.kr/rooms/1298321422158012705?search_mode=regular_search&adults=1&check_in=2025-06-11&check_out=2025-06-16&children=0&infants=0&pets=0&source_impression_id=p3_1744545916_P3qlJyxbk-gZPYa9&previous_page_section_name=1000&federated_search_id=1f0422b1-cee5-4be1-836d-cf3635964468,5.0,4.0,airbnb_images\숙소_81.jpg
https://www.airbnb.co.kr/rooms/1309392038047929096?search_mode=regular_search&adults=1&check_in=2025-05-30&check_out=2025-06-04&children=0&infants=0&pets=0&source_impression_id=p3_1744545916_P3iO6e0Qd9V4m53x&previous_page_section_name=1000&federated_search_id=1f0422b1-cee5-4be1-836d-cf3635964468,5.0,32.0,airbnb_images\숙소_82.jpg
https://www.airbnb.co.kr/rooms/1382548759813303290?search_mode=regular_search&adults=1&check_in=2025-05-13&check_out=2025-05-18&children=0&infants=0&pets=0&source_impression_id=p3_1744545916_P32iMczWSFeleZ6C&previous_page_section_name=1000&federated_search_id=1f0422b1-cee5-4be1-836d-cf3635964468,5.0,4.0,airbnb_images\숙소_83.jpg
https://www.airbnb.co.kr/rooms/1304824663058703353?search_mode=regular_search&adults=1&check_in=2025-05-05&check_out=2025-05-10&children=0&infants=0&pets=0&source_impression_id=p3_1744545916_P37Kpg9925nynx0S&previous_page_section_name=1000&federated_search_id=1f0422b1-cee5-4be1-836d-cf3635964468,4.92,12.0,airbnb_images\숙소_84.jpg
https://www.airbnb.co.kr/rooms/1317309011239508499?search_mode=regular_search&adults=1&check_in=2025-05-09&check_out=2025-05-14&children=0&infants=0&pets=0&source_impression_id=p3_1744545916_P3hmnHvUgGH6U3Ow&previous_page_section_name=1000&federated_search_id=1f0422b1-cee5-4be1-836d-cf3635964468,5.0,4.0,airbnb_images\숙소_85.jpg
https://www.airbnb.co.kr/rooms/1354394239462926614?search_mode=regular_search&adults=1&check_in=2025-07-27&check_out=2025-08-01&children=0&infants=0&pets=0&source_impression_id=p3_1744545916_P31LlpAVVK6n88fX&previous_page_section_name=1000&federated_search_id=1f0422b1-cee5-4be1-836d-cf3635964468,5.0,14.0,airbnb_images\숙소_86.jpg
https://www.airbnb.co.kr/rooms/1050327239983437192?search_mode=regular_search&adults=1&check_in=2025-05-14&check_out=2025-05-19&children=0&infants=0&pets=0&source_impression_id=p3_1744545916_P3EBPVGzczZTAuJl&previous_page_section_name=1000&federated_search_id=1f0422b1-cee5-4be1-836d-cf3635964468,4.98,41.0,airbnb_images\숙소_87.jpg
https://www.airbnb.co.kr/rooms/977973181607540363?search_mode=regular_search&adults=1&check_in=2025-05-05&check_out=2025-05-10&children=0&infants=0&pets=0&source_impression_id=p3_1744545916_P3nptF0bLteyruEf&previous_page_section_name=1000&federated_search_id=1f0422b1-cee5-4be1-836d-cf3635964468,4.89,55.0,airbnb_images\숙소_88.jpg
https://www.airbnb.co.kr/rooms/46106640?search_mode=regular_search&adults=1&check_in=2025-05-11&check_out=2025-05-16&children=0&infants=0&pets=0&source_impression_id=p3_1744545916_P3JgnhesknVqH2HQ&previous_page_section_name=1000&federated_search_id=1f0422b1-cee5-4be1-836d-cf3635964468,4.72,61.0,airbnb_images\숙소_89.jpg
https://www.airbnb.co.kr/rooms/866498811765046605?search_mode=regular_search&adults=1&check_in=2025-05-25&check_out=2025-05-30&children=0&infants=0&pets=0&source_impression_id=p3_1744545916_P3nRY4oITi74WQU1&previous_page_section_name=1000&federated_search_id=1f0422b1-cee5-4be1-836d-cf3635964468,4.85,159.0,airbnb_images\숙소_90.jpg
https://www.airbnb.co.kr/rooms/1307132544785769487?search_mode=regular_search&adults=1&check_in=2025-05-12&check_out=2025-05-17&children=0&infants=0&pets=0&source_impression_id=p3_1744546055_P3YXgOYOXr2SEyCV&previous_page_section_name=1000&federated_search_id=19cbf473-72b0-40a8-a480-782be1c7bb14,5.0,9.0,airbnb_images\숙소_91.jpg
https://www.airbnb.co.kr/rooms/1180625532391845103?search_mode=regular_search&adults=1&check_in=2025-05-18&check_out=2025-05-23&children=0&infants=0&pets=0&source_impression_id=p3_1744546055_P38ba-hDLZ-mNNfm&previous_page_section_name=1000&federated_search_id=19cbf473-72b0-40a8-a480-782be1c7bb14,4.85,46.0,airbnb_images\숙소_92.jpg
https://www.airbnb.co.kr/rooms/1359194497431925644?search_mode=regular_search&adults=1&check_in=2025-05-31&check_out=2025-06-05&children=0&infants=0&pets=0&source_impression_id=p3_1744546055_P3T-3gxS9-4WKtEt&previous_page_section_name=1000&federated_search_id=19cbf473-72b0-40a8-a480-782be1c7bb14,,1.0,airbnb_images\숙소_93.jpg
https://www.airbnb.co.kr/rooms/1324012747334836363?search_mode=regular_search&adults=1&check_in=2025-05-29&check_out=2025-06-03&children=0&infants=0&pets=0&source_impression_id=p3_1744546055_P3Eh69fHzcQH2bYv&previous_page_section_name=1000&federated_search_id=19cbf473-72b0-40a8-a480-782be1c7bb14,4.84,19.0,airbnb_images\숙소_94.jpg
https://www.airbnb.co.kr/rooms/1252708945090610941?search_mode=regular_search&adults=1&check_in=2025-05-07&check_out=2025-05-12&children=0&infants=0&pets=0&source_impression_id=p3_1744546055_P3AQDaK2NMVpBNQY&previous_page_section_name=1000&federated_search_id=19cbf473-72b0-40a8-a480-782be1c7bb14,4.95,20.0,airbnb_images\숙소_95.jpg
https://www.airbnb.co.kr/rooms/929577433075951818?search_mode=regular_search&adults=1&check_in=2025-06-07&check_out=2025-06-12&children=0&infants=0&pets=0&source_impression_id=p3_1744546055_P3QXQqMcR4CuVN6s&previous_page_section_name=1000&federated_search_id=19cbf473-72b0-40a8-a480-782be1c7bb14,4.91,75.0,airbnb_images\숙소_96.jpg
https://www.airbnb.co.kr/rooms/1254725474147975417?search_mode=regular_search&adults=1&check_in=2025-04-27&check_out=2025-05-02&children=0&infants=0&pets=0&source_impression_id=p3_1744546055_P3iQ28YKNiEWhnin&previous_page_section_name=1000&federated_search_id=19cbf473-72b0-40a8-a480-782be1c7bb14,5.0,18.0,airbnb_images\숙소_97.jpg
https://www.airbnb.co.kr/rooms/49862224?search_mode=regular_search&adults=1&check_in=2025-04-26&check_out=2025-05-01&children=0&infants=0&pets=0&source_impression_id=p3_1744546055_P3bkcT7_WjEc1whm&previous_page_section_name=1000&federated_search_id=19cbf473-72b0-40a8-a480-782be1c7bb14,4.9,84.0,airbnb_images\숙소_98.jpg
https://www.airbnb.co.kr/rooms/1244870014224674155?search_mode=regular_search&adults=1&check_in=2025-05-06&check_out=2025-05-11&children=0&infants=0&pets=0&source_impression_id=p3_1744546056_P3c_bg-eKvdMMjOL&previous_page_section_name=1000&federated_search_id=19cbf473-72b0-40a8-a480-782be1c7bb14,5.0,20.0,airbnb_images\숙소_99.jpg
https://www.airbnb.co.kr/rooms/1011858022748988375?search_mode=regular_search&adults=1&check_in=2025-04-21&check_out=2025-04-26&children=0&infants=0&pets=0&source_impression_id=p3_1744546056_P3oPibdIwoNLUTEe&previous_page_section_name=1000&federated_search_id=19cbf473-72b0-40a8-a480-782be1c7bb14,4.93,28.0,airbnb_images\숙소_100.jpg
https://www.airbnb.co.kr/rooms/1193234734705491973?search_mode=regular_search&adults=1&check_in=2025-07-08&check_out=2025-07-13&children=0&infants=0&pets=0&source_impression_id=p3_1744546056_P3KmxJQs4wTrCxZI&previous_page_section_name=1000&federated_search_id=19cbf473-72b0-40a8-a480-782be1c7bb14,5.0,30.0,airbnb_images\숙소_101.jpg
https://www.airbnb.co.kr/rooms/1378693682338292053?search_mode=regular_search&adults=1&check_in=2025-05-09&check_out=2025-05-14&children=0&infants=0&pets=0&source_impression_id=p3_1744546056_P3pGSWg1uJv4Ki7Z&previous_page_section_name=1000&federated_search_id=19cbf473-72b0-40a8-a480-782be1c7bb14,5.0,3.0,airbnb_images\숙소_102.jpg
https://www.airbnb.co.kr/rooms/11248069?search_mode=regular_search&adults=1&category_tag=Tag%3A8678&check_in=2025-06-28&check_out=2025-07-03&children=0&infants=0&pets=0&photo_id=1637556142&source_impression_id=p3_1744546056_P30Q7BW_ksK1WMOF&previous_page_section_name=1000&federated_search_id=19cbf473-72b0-40a8-a480-782be1c7bb14,4.85,317.0,airbnb_images\숙소_103.jpg
https://www.airbnb.co.kr/rooms/1293728913990242229?search_mode=regular_search&adults=1&check_in=2025-06-02&check_out=2025-06-07&children=0&infants=0&pets=0&source_impression_id=p3_1744546056_P3m5pQYYJAme6T6E&previous_page_section_name=1000&federated_search_id=19cbf473-72b0-40a8-a480-782be1c7bb14,5.0,21.0,airbnb_images\숙소_104.jpg
https://www.airbnb.co.kr/rooms/1002699096682630081?search_mode=regular_search&adults=1&check_in=2025-07-08&check_out=2025-07-13&children=0&infants=0&pets=0&source_impression_id=p3_1744546056_P3gwcU4Mqv1fGLj_&previous_page_section_name=1000&federated_search_id=19cbf473-72b0-40a8-a480-782be1c7bb14,4.96,69.0,airbnb_images\숙소_105.jpg
https://www.airbnb.co.kr/rooms/1307196081140992163?search_mode=regular_search&adults=1&check_in=2025-05-07&check_out=2025-05-12&children=0&infants=0&pets=0&source_impression_id=p3_1744546056_P38wWIpWzuyUlT1P&previous_page_section_name=1000&federated_search_id=19cbf473-72b0-40a8-a480-782be1c7bb14,5.0,15.0,airbnb_images\숙소_106.jpg
https://www.airbnb.co.kr/rooms/871095886266327534?search_mode=regular_search&adults=1&check_in=2025-05-05&check_out=2025-05-10&children=0&infants=0&pets=0&source_impression_id=p3_1744546056_P3GxdrBV7ZNMMZKM&previous_page_section_name=1000&federated_search_id=19cbf473-72b0-40a8-a480-782be1c7bb14,4.85,61.0,airbnb_images\숙소_107.jpg
https://www.airbnb.co.kr/rooms/1233727412956277085?search_mode=regular_search&adults=1&check_in=2025-06-30&check_out=2025-07-05&children=0&infants=0&pets=0&source_impression_id=p3_1744546056_P3kk5bFbRZqJgAtB&previous_page_section_name=1000&federated_search_id=19cbf473-72b0-40a8-a480-782be1c7bb14,4.82,33.0,airbnb_images\숙소_108.jpg
https://www.airbnb.co.kr/rooms/51571757?search_mode=regular_search&adults=1&check_in=2025-07-07&check_out=2025-07-12&children=0&infants=0&pets=0&source_impression_id=p3_1744546183_P3djX5hNwbvlAf9T&previous_page_section_name=1000&federated_search_id=fb133a71-3303-4ddd-a351-90609c88291c,4.97,117.0,airbnb_images\숙소_109.jpg
https://www.airbnb.co.kr/rooms/1146909657563187146?search_mode=regular_search&adults=1&check_in=2025-06-16&check_out=2025-06-22&children=0&infants=0&pets=0&source_impression_id=p3_1744546183_P3S45h1DAzOnQZ9v&previous_page_section_name=1000&federated_search_id=fb133a71-3303-4ddd-a351-90609c88291c,,1.0,airbnb_images\숙소_110.jpg
https://www.airbnb.co.kr/rooms/923074988770325468?search_mode=regular_search&adults=1&check_in=2025-04-27&check_out=2025-05-02&children=0&infants=0&pets=0&source_impression_id=p3_1744546183_P3W9dR29s6jlKoZo&previous_page_section_name=1000&federated_search_id=fb133a71-3303-4ddd-a351-90609c88291c,4.92,100.0,airbnb_images\숙소_111.jpg
https://www.airbnb.co.kr/rooms/1350390094801834909?search_mode=regular_search&adults=1&check_in=2025-06-09&check_out=2025-06-14&children=0&infants=0&pets=0&source_impression_id=p3_1744546183_P3XQHRuKKRMQ3eUj&previous_page_section_name=1000&federated_search_id=fb133a71-3303-4ddd-a351-90609c88291c,5.0,12.0,airbnb_images\숙소_112.jpg
https://www.airbnb.co.kr/rooms/1208661474344916108?search_mode=regular_search&adults=1&check_in=2025-04-27&check_out=2025-05-02&children=0&infants=0&pets=0&source_impression_id=p3_1744546183_P3fJaoHugK-I-Lgk&previous_page_section_name=1000&federated_search_id=fb133a71-3303-4ddd-a351-90609c88291c,5.0,20.0,airbnb_images\숙소_113.jpg
https://www.airbnb.co.kr/rooms/53842287?search_mode=regular_search&adults=1&check_in=2025-05-17&check_out=2025-05-22&children=0&infants=0&pets=0&source_impression_id=p3_1744546183_P3VN1Y4CV0rWTZct&previous_page_section_name=1000&federated_search_id=fb133a71-3303-4ddd-a351-90609c88291c,4.62,74.0,airbnb_images\숙소_114.jpg
https://www.airbnb.co.kr/rooms/53019952?search_mode=regular_search&adults=1&check_in=2025-04-24&check_out=2025-04-29&children=0&infants=0&pets=0&source_impression_id=p3_1744546183_P3LSDvnd5brPldvH&previous_page_section_name=1000&federated_search_id=fb133a71-3303-4ddd-a351-90609c88291c,4.92,222.0,airbnb_images\숙소_115.jpg
https://www.airbnb.co.kr/rooms/710591751256293592?search_mode=regular_search&adults=1&check_in=2025-07-07&check_out=2025-07-12&children=0&infants=0&pets=0&source_impression_id=p3_1744546183_P3-65yJUIIWJQ_lP&previous_page_section_name=1000&federated_search_id=fb133a71-3303-4ddd-a351-90609c88291c,4.65,133.0,airbnb_images\숙소_116.jpg
https://www.airbnb.co.kr/rooms/43401816?search_mode=regular_search&adults=1&check_in=2025-06-30&check_out=2025-07-05&children=0&infants=0&pets=0&source_impression_id=p3_1744546183_P34mPdNYZsHKqwz-&previous_page_section_name=1000&federated_search_id=fb133a71-3303-4ddd-a351-90609c88291c,4.96,379.0,airbnb_images\숙소_117.jpg
https://www.airbnb.co.kr/rooms/42464591?search_mode=regular_search&adults=1&check_in=2025-05-05&check_out=2025-05-10&children=0&infants=0&pets=0&source_impression_id=p3_1744546183_P3wRdYcbzYNtSnTu&previous_page_section_name=1000&federated_search_id=fb133a71-3303-4ddd-a351-90609c88291c,4.79,28.0,airbnb_images\숙소_118.jpg
https://www.airbnb.co.kr/rooms/841875156466731871?search_mode=regular_search&adults=1&check_in=2025-05-06&check_out=2025-05-11&children=0&infants=0&pets=0&source_impression_id=p3_1744546183_P3OckDVwqaTM_K7c&previous_page_section_name=1000&federated_search_id=fb133a71-3303-4ddd-a351-90609c88291c,4.88,101.0,airbnb_images\숙소_119.jpg
https://www.airbnb.co.kr/rooms/745221536178962199?search_mode=regular_search&adults=1&check_in=2025-05-05&check_out=2025-05-10&children=0&infants=0&pets=0&source_impression_id=p3_1744546183_P32RtqGtMQWer60I&previous_page_section_name=1000&federated_search_id=fb133a71-3303-4ddd-a351-90609c88291c,4.84,187.0,airbnb_images\숙소_120.jpg
https://www.airbnb.co.kr/rooms/1078691562374500629?search_mode=regular_search&adults=1&check_in=2025-07-09&check_out=2025-07-14&children=0&infants=0&pets=0&source_impression_id=p3_1744546183_P3r8AlJ_NjZd2Ac5&previous_page_section_name=1000&federated_search_id=fb133a71-3303-4ddd-a351-90609c88291c,4.98,81.0,airbnb_images\숙소_121.jpg
https://www.airbnb.co.kr/rooms/1253841230436694375?search_mode=regular_search&adults=1&check_in=2025-05-04&check_out=2025-05-09&children=0&infants=0&pets=0&source_impression_id=p3_1744546183_P3bbbttxnXxR77G5&previous_page_section_name=1000&federated_search_id=fb133a71-3303-4ddd-a351-90609c88291c,5.0,31.0,airbnb_images\숙소_122.jpg
https://www.airbnb.co.kr/rooms/1213423445756223759?search_mode=regular_search&adults=1&check_in=2025-07-06&check_out=2025-07-11&children=0&infants=0&pets=0&source_impression_id=p3_1744546183_P3OjZrSxaLcZyG0_&previous_page_section_name=1000&federated_search_id=fb133a71-3303-4ddd-a351-90609c88291c,4.92,26.0,airbnb_images\숙소_123.jpg
https://www.airbnb.co.kr/rooms/1207390010597414701?search_mode=regular_search&adults=1&check_in=2025-05-05&check_out=2025-05-10&children=0&infants=0&pets=0&source_impression_id=p3_1744546183_P3U4FzLtEYHr_dff&previous_page_section_name=1000&federated_search_id=fb133a71-3303-4ddd-a351-90609c88291c,4.97,35.0,airbnb_images\숙소_124.jpg
https://www.airbnb.co.kr/rooms/1208427895619877588?search_mode=regular_search&adults=1&check_in=2025-05-07&check_out=2025-05-12&children=0&infants=0&pets=0&source_impression_id=p3_1744546183_P3tkKhxRAcG4vaBg&previous_page_section_name=1000&federated_search_id=fb133a71-3303-4ddd-a351-90609c88291c,4.95,19.0,airbnb_images\숙소_125.jpg
https://www.airbnb.co.kr/rooms/1314685721815190296?search_mode=regular_search&adults=1&check_in=2025-06-29&check_out=2025-07-04&children=0&infants=0&pets=0&source_impression_id=p3_1744546183_P3Zt6rcj0ETJllxR&previous_page_section_name=1000&federated_search_id=fb133a71-3303-4ddd-a351-90609c88291c,4.95,19.0,airbnb_images\숙소_126.jpg
https://www.airbnb.co.kr/rooms/1099666312038326493?search_mode=regular_search&adults=1&check_in=2025-05-05&check_out=2025-05-10&children=0&infants=0&pets=0&source_impression_id=p3_1744546322_P3Q8D33QMlbwzGy2&previous_page_section_name=1000&federated_search_id=369a54fe-dcdb-4038-88c7-fee86f7f049e,4.71,38.0,airbnb_images\숙소_127.jpg
https://www.airbnb.co.kr/rooms/1179696760374274255?search_mode=regular_search&adults=1&check_in=2025-05-06&check_out=2025-05-11&children=0&infants=0&pets=0&source_impression_id=p3_1744546322_P3oUbVxKYvVMBk_t&previous_page_section_name=1000&federated_search_id=369a54fe-dcdb-4038-88c7-fee86f7f049e,4.89,28.0,airbnb_images\숙소_128.jpg
https://www.airbnb.co.kr/rooms/1165738101624649941?search_mode=regular_search&adults=1&check_in=2025-05-05&check_out=2025-05-10&children=0&infants=0&pets=0&source_impression_id=p3_1744546322_P3Z2avltwwKkYG_u&previous_page_section_name=1000&federated_search_id=369a54fe-dcdb-4038-88c7-fee86f7f049e,4.98,56.0,airbnb_images\숙소_129.jpg
https://www.airbnb.co.kr/rooms/719467136474345537?search_mode=regular_search&adults=1&check_in=2025-04-28&check_out=2025-05-03&children=0&infants=0&pets=0&source_impression_id=p3_1744546322_P3QmGMJS84r3Ulcc&previous_page_section_name=1000&federated_search_id=369a54fe-dcdb-4038-88c7-fee86f7f049e,4.81,155.0,airbnb_images\숙소_130.jpg
https://www.airbnb.co.kr/rooms/1177832616870767204?search_mode=regular_search&adults=1&check_in=2025-06-08&check_out=2025-06-13&children=0&infants=0&pets=0&source_impression_id=p3_1744546322_P3biu3LAkwvW96km&previous_page_section_name=1000&federated_search_id=369a54fe-dcdb-4038-88c7-fee86f7f049e,4.97,72.0,airbnb_images\숙소_131.jpg
https://www.airbnb.co.kr/rooms/1256491634254097399?search_mode=regular_search&adults=1&check_in=2025-05-18&check_out=2025-05-23&children=0&infants=0&pets=0&source_impression_id=p3_1744546322_P3JbAAEOFqH3BpNh&previous_page_section_name=1000&federated_search_id=369a54fe-dcdb-4038-88c7-fee86f7f049e,4.96,23.0,airbnb_images\숙소_132.jpg
https://www.airbnb.co.kr/rooms/1256426534014110980?search_mode=regular_search&adults=1&check_in=2025-05-05&check_out=2025-05-10&children=0&infants=0&pets=0&source_impression_id=p3_1744546322_P3EqmUOXDIKvz6JW&previous_page_section_name=1000&federated_search_id=369a54fe-dcdb-4038-88c7-fee86f7f049e,4.93,44.0,airbnb_images\숙소_133.jpg
https://www.airbnb.co.kr/rooms/730960411531376321?search_mode=regular_search&adults=1&check_in=2025-05-05&check_out=2025-05-10&children=0&infants=0&pets=0&source_impression_id=p3_1744546322_P3KaM_dN-aCqrei4&previous_page_section_name=1000&federated_search_id=369a54fe-dcdb-4038-88c7-fee86f7f049e,4.84,68.0,airbnb_images\숙소_134.jpg
https://www.airbnb.co.kr/rooms/45114927?search_mode=regular_search&adults=1&check_in=2025-04-22&check_out=2025-04-27&children=0&infants=0&pets=0&source_impression_id=p3_1744546322_P3T8dMSo9I6BRa_r&previous_page_section_name=1000&federated_search_id=369a54fe-dcdb-4038-88c7-fee86f7f049e,4.93,60.0,airbnb_images\숙소_135.jpg
https://www.airbnb.co.kr/rooms/901590375512443970?search_mode=regular_search&adults=1&check_in=2025-05-06&check_out=2025-05-11&children=0&infants=0&pets=0&source_impression_id=p3_1744546322_P3fAI2JTJ3-CeLqs&previous_page_section_name=1000&federated_search_id=369a54fe-dcdb-4038-88c7-fee86f7f049e,4.9,71.0,airbnb_images\숙소_136.jpg
https://www.airbnb.co.kr/rooms/1323477820156595627?search_mode=regular_search&adults=1&check_in=2025-06-02&check_out=2025-06-07&children=0&infants=0&pets=0&source_impression_id=p3_1744546322_P315g2rJKFubLbPi&previous_page_section_name=1000&federated_search_id=369a54fe-dcdb-4038-88c7-fee86f7f049e,4.93,15.0,airbnb_images\숙소_137.jpg
https://www.airbnb.co.kr/rooms/943873633500660009?search_mode=regular_search&adults=1&check_in=2025-05-10&check_out=2025-05-15&children=0&infants=0&pets=0&source_impression_id=p3_1744546322_P350ww8skzaCxJiI&previous_page_section_name=1000&federated_search_id=369a54fe-dcdb-4038-88c7-fee86f7f049e,4.84,125.0,airbnb_images\숙소_138.jpg
https://www.airbnb.co.kr/rooms/44673378?search_mode=regular_search&adults=1&check_in=2025-05-25&check_out=2025-05-30&children=0&infants=0&pets=0&source_impression_id=p3_1744546322_P3C-CR-dgvDKfFDH&previous_page_section_name=1000&federated_search_id=369a54fe-dcdb-4038-88c7-fee86f7f049e,4.88,255.0,airbnb_images\숙소_139.jpg
https://www.airbnb.co.kr/rooms/650284797256528959?search_mode=regular_search&adults=1&check_in=2025-04-21&check_out=2025-04-26&children=0&infants=0&pets=0&source_impression_id=p3_1744546322_P3PTSwfny_uGZoYX&previous_page_section_name=1000&federated_search_id=369a54fe-dcdb-4038-88c7-fee86f7f049e,4.75,44.0,airbnb_images\숙소_140.jpg
https://www.airbnb.co.kr/rooms/1223067114824246180?search_mode=regular_search&adults=1&check_in=2025-05-29&check_out=2025-06-03&children=0&infants=0&pets=0&source_impression_id=p3_1744546322_P3y_vzY9JL5AYXQD&previous_page_section_name=1000&federated_search_id=369a54fe-dcdb-4038-88c7-fee86f7f049e,4.89,27.0,airbnb_images\숙소_141.jpg
https://www.airbnb.co.kr/rooms/927412872045858378?search_mode=regular_search&adults=1&check_in=2025-05-23&check_out=2025-05-28&children=0&infants=0&pets=0&source_impression_id=p3_1744546322_P3-MQFg3AQZJD3I2&previous_page_section_name=1000&federated_search_id=369a54fe-dcdb-4038-88c7-fee86f7f049e,4.83,78.0,airbnb_images\숙소_142.jpg
https://www.airbnb.co.kr/rooms/44047175?search_mode=regular_search&adults=1&check_in=2025-05-06&check_out=2025-05-11&children=0&infants=0&pets=0&source_impression_id=p3_1744546322_P3iuVA3xfrduIapJ&previous_page_section_name=1000&federated_search_id=369a54fe-dcdb-4038-88c7-fee86f7f049e,4.7,263.0,airbnb_images\숙소_143.jpg
https://www.airbnb.co.kr/rooms/1226480548527927154?search_mode=regular_search&adults=1&check_in=2025-05-07&check_out=2025-05-12&children=0&infants=0&pets=0&source_impression_id=p3_1744546322_P3PaUQ4QWZxZf_bc&previous_page_section_name=1000&federated_search_id=369a54fe-dcdb-4038-88c7-fee86f7f049e,4.97,31.0,airbnb_images\숙소_144.jpg
https://www.airbnb.co.kr/rooms/47485823?search_mode=regular_search&adults=1&check_in=2025-06-02&check_out=2025-06-07&children=0&infants=0&pets=0&source_impression_id=p3_1744546429_P3lauujguKEmORSR&previous_page_section_name=1000&federated_search_id=e23a8f3f-df3c-45cc-b47b-ec99e8adda5d,4.77,103.0,airbnb_images\숙소_145.jpg
https://www.airbnb.co.kr/rooms/36014472?search_mode=regular_search&adults=1&check_in=2025-08-26&check_out=2025-08-31&children=0&infants=0&pets=0&source_impression_id=p3_1744546429_P3SBxpxnvN5ipU6j&previous_page_section_name=1000&federated_search_id=e23a8f3f-df3c-45cc-b47b-ec99e8adda5d,4.91,264.0,airbnb_images\숙소_146.jpg
https://www.airbnb.co.kr/rooms/45742455?search_mode=regular_search&adults=1&check_in=2025-05-22&check_out=2025-05-27&children=0&infants=0&pets=0&source_impression_id=p3_1744546429_P33gYtrPXiUf4uu1&previous_page_section_name=1000&federated_search_id=e23a8f3f-df3c-45cc-b47b-ec99e8adda5d,4.84,196.0,airbnb_images\숙소_147.jpg
https://www.airbnb.co.kr/rooms/1133908236144674300?search_mode=regular_search&adults=1&check_in=2025-04-20&check_out=2025-04-25&children=0&infants=0&pets=0&source_impression_id=p3_1744546429_P3xoboN2Zmu1Jtrt&previous_page_section_name=1000&federated_search_id=e23a8f3f-df3c-45cc-b47b-ec99e8adda5d,,2.0,airbnb_images\숙소_148.jpg
https://www.airbnb.co.kr/rooms/1268811864168578063?search_mode=regular_search&adults=1&check_in=2025-07-22&check_out=2025-07-27&children=0&infants=0&pets=0&source_impression_id=p3_1744546429_P3f7fb71R-1YgAv8&previous_page_section_name=1000&federated_search_id=e23a8f3f-df3c-45cc-b47b-ec99e8adda5d,4.92,13.0,airbnb_images\숙소_149.jpg
https://www.airbnb.co.kr/rooms/1358992309407198732?search_mode=regular_search&adults=1&check_in=2025-05-26&check_out=2025-05-31&children=0&infants=0&pets=0&source_impression_id=p3_1744546429_P3QGO7W--e1y93gc&previous_page_section_name=1000&federated_search_id=e23a8f3f-df3c-45cc-b47b-ec99e8adda5d,,1.0,airbnb_images\숙소_150.jpg
https://www.airbnb.co.kr/rooms/1265776002836432241?search_mode=regular_search&adults=1&check_in=2025-05-31&check_out=2025-06-05&children=0&infants=0&pets=0&source_impression_id=p3_1744546429_P3cCjGEEZ_E8sbKJ&previous_page_section_name=1000&federated_search_id=e23a8f3f-df3c-45cc-b47b-ec99e8adda5d,4.97,34.0,airbnb_images\숙소_151.jpg
https://www.airbnb.co.kr/rooms/1257666450516021618?search_mode=regular_search&adults=1&check_in=2025-05-07&check_out=2025-05-12&children=0&infants=0&pets=0&source_impression_id=p3_1744546429_P3KTHd_dj6CAY72w&previous_page_section_name=1000&federated_search_id=e23a8f3f-df3c-45cc-b47b-ec99e8adda5d,4.97,29.0,airbnb_images\숙소_152.jpg
https://www.airbnb.co.kr/rooms/1346271111331973909?search_mode=regular_search&adults=1&check_in=2025-05-16&check_out=2025-05-21&children=0&infants=0&pets=0&source_impression_id=p3_1744546429_P3t-RCvqUBnfj0nl&previous_page_section_name=1000&federated_search_id=e23a8f3f-df3c-45cc-b47b-ec99e8adda5d,,2.0,airbnb_images\숙소_153.jpg
https://www.airbnb.co.kr/rooms/1287339964403055093?search_mode=regular_search&adults=1&check_in=2025-07-22&check_out=2025-07-27&children=0&infants=0&pets=0&source_impression_id=p3_1744546429_P3X3caD49qsNZWEI&previous_page_section_name=1000&federated_search_id=e23a8f3f-df3c-45cc-b47b-ec99e8adda5d,4.93,27.0,airbnb_images\숙소_154.jpg
https://www.airbnb.co.kr/rooms/1303386203686933737?search_mode=regular_search&adults=1&check_in=2025-05-16&check_out=2025-05-21&children=0&infants=0&pets=0&source_impression_id=p3_1744546429_P3ElQ4sY_yZy8mga&previous_page_section_name=1000&federated_search_id=e23a8f3f-df3c-45cc-b47b-ec99e8adda5d,5.0,16.0,airbnb_images\숙소_155.jpg
https://www.airbnb.co.kr/rooms/1331508415038569478?search_mode=regular_search&adults=1&check_in=2025-06-23&check_out=2025-06-28&children=0&infants=0&pets=0&source_impression_id=p3_1744546429_P3Ijo6iSHThgpcJ0&previous_page_section_name=1000&federated_search_id=e23a8f3f-df3c-45cc-b47b-ec99e8adda5d,5.0,11.0,airbnb_images\숙소_156.jpg
https://www.airbnb.co.kr/rooms/1232465630852916992?search_mode=regular_search&adults=1&check_in=2025-06-26&check_out=2025-07-01&children=0&infants=0&pets=0&source_impression_id=p3_1744546429_P3NDRvKlBtox67pL&previous_page_section_name=1000&federated_search_id=e23a8f3f-df3c-45cc-b47b-ec99e8adda5d,5.0,36.0,airbnb_images\숙소_157.jpg
https://www.airbnb.co.kr/rooms/45535893?search_mode=regular_search&adults=1&check_in=2025-05-18&check_out=2025-05-23&children=0&infants=0&pets=0&source_impression_id=p3_1744546429_P3iQhCKnDhe8gWN0&previous_page_section_name=1000&federated_search_id=e23a8f3f-df3c-45cc-b47b-ec99e8adda5d,4.75,200.0,airbnb_images\숙소_158.jpg
https://www.airbnb.co.kr/rooms/753232475691906973?search_mode=regular_search&adults=1&check_in=2025-05-05&check_out=2025-05-10&children=0&infants=0&pets=0&source_impression_id=p3_1744546429_P3Me3qsACdW4wRUA&previous_page_section_name=1000&federated_search_id=e23a8f3f-df3c-45cc-b47b-ec99e8adda5d,4.88,40.0,airbnb_images\숙소_159.jpg
https://www.airbnb.co.kr/rooms/1017128125575395030?search_mode=regular_search&adults=1&check_in=2025-06-15&check_out=2025-06-20&children=0&infants=0&pets=0&source_impression_id=p3_1744546429_P3dykEDJp5PHMu5E&previous_page_section_name=1000&federated_search_id=e23a8f3f-df3c-45cc-b47b-ec99e8adda5d,4.94,48.0,airbnb_images\숙소_160.jpg
https://www.airbnb.co.kr/rooms/1329998227426155006?search_mode=regular_search&adults=1&check_in=2025-07-27&check_out=2025-08-01&children=0&infants=0&pets=0&source_impression_id=p3_1744546429_P3HnIA8ZMJDo6H44&previous_page_section_name=1000&federated_search_id=e23a8f3f-df3c-45cc-b47b-ec99e8adda5d,5.0,7.0,airbnb_images\숙소_161.jpg
https://www.airbnb.co.kr/rooms/665606505639371643?search_mode=regular_search&adults=1&check_in=2025-05-12&check_out=2025-05-17&children=0&infants=0&pets=0&source_impression_id=p3_1744546429_P32PsQ6QW8iT8glj&previous_page_section_name=1000&federated_search_id=e23a8f3f-df3c-45cc-b47b-ec99e8adda5d,4.78,123.0,airbnb_images\숙소_162.jpg
https://www.airbnb.co.kr/rooms/624486184950348881?search_mode=regular_search&adults=1&check_in=2025-07-08&check_out=2025-07-13&children=0&infants=0&pets=0&source_impression_id=p3_1744546559_P3CHc8lQ4JUTuf5G&previous_page_section_name=1000&federated_search_id=39506c1d-e3d9-4a8f-8126-b8b61f6a6326,4.83,126.0,airbnb_images\숙소_163.jpg
https://www.airbnb.co.kr/rooms/1035281380979505875?search_mode=regular_search&adults=1&check_in=2025-04-27&check_out=2025-05-02&children=0&infants=0&pets=0&source_impression_id=p3_1744546559_P3NbxjgicTtutnoF&previous_page_section_name=1000&federated_search_id=39506c1d-e3d9-4a8f-8126-b8b61f6a6326,4.83,23.0,airbnb_images\숙소_164.jpg
https://www.airbnb.co.kr/rooms/762648772754296646?search_mode=regular_search&adults=1&check_in=2025-05-05&check_out=2025-05-10&children=0&infants=0&pets=0&source_impression_id=p3_1744546559_P3zyVVpZQkmmk0ap&previous_page_section_name=1000&federated_search_id=39506c1d-e3d9-4a8f-8126-b8b61f6a6326,4.84,113.0,airbnb_images\숙소_165.jpg
https://www.airbnb.co.kr/rooms/1164858409479507122?search_mode=regular_search&adults=1&check_in=2025-05-11&check_out=2025-05-16&children=0&infants=0&pets=0&source_impression_id=p3_1744546559_P3njUvc7c40F-3mo&previous_page_section_name=1000&federated_search_id=39506c1d-e3d9-4a8f-8126-b8b61f6a6326,4.73,49.0,airbnb_images\숙소_166.jpg
https://www.airbnb.co.kr/rooms/1294174614368545186?search_mode=regular_search&adults=1&check_in=2025-05-30&check_out=2025-06-04&children=0&infants=0&pets=0&source_impression_id=p3_1744546559_P3ZvE5MnWebIbB-Q&previous_page_section_name=1000&federated_search_id=39506c1d-e3d9-4a8f-8126-b8b61f6a6326,5.0,11.0,airbnb_images\숙소_167.jpg
https://www.airbnb.co.kr/rooms/1165728103116213821?search_mode=regular_search&adults=1&check_in=2025-04-13&check_out=2025-04-18&children=0&infants=0&pets=0&source_impression_id=p3_1744546559_P3OCFCBA3deA0U7o&previous_page_section_name=1000&federated_search_id=39506c1d-e3d9-4a8f-8126-b8b61f6a6326,,2.0,airbnb_images\숙소_168.jpg
https://www.airbnb.co.kr/rooms/1249047943848347071?search_mode=regular_search&adults=1&check_in=2025-04-20&check_out=2025-04-25&children=0&infants=0&pets=0&source_impression_id=p3_1744546559_P3VLEEtxpUnBDcVg&previous_page_section_name=1000&federated_search_id=39506c1d-e3d9-4a8f-8126-b8b61f6a6326,4.83,6.0,airbnb_images\숙소_169.jpg
https://www.airbnb.co.kr/rooms/1383315597661201146?search_mode=regular_search&adults=1&check_in=2025-05-07&check_out=2025-05-12&children=0&infants=0&pets=0&source_impression_id=p3_1744546559_P36a4nkFBYEZhR8n&previous_page_section_name=1000&federated_search_id=39506c1d-e3d9-4a8f-8126-b8b61f6a6326,5.0,5.0,airbnb_images\숙소_170.jpg
https://www.airbnb.co.kr/rooms/1370574803914682323?search_mode=regular_search&adults=1&check_in=2025-05-06&check_out=2025-05-11&children=0&infants=0&pets=0&source_impression_id=p3_1744546559_P3rHg39F-MW-Smgi&previous_page_section_name=1000&federated_search_id=39506c1d-e3d9-4a8f-8126-b8b61f6a6326,5.0,4.0,airbnb_images\숙소_171.jpg
https://www.airbnb.co.kr/rooms/1163015025897980461?search_mode=regular_search&adults=1&check_in=2025-05-26&check_out=2025-05-31&children=0&infants=0&pets=0&source_impression_id=p3_1744546559_P35zYBqLxxlChQNh&previous_page_section_name=1000&federated_search_id=39506c1d-e3d9-4a8f-8126-b8b61f6a6326,4.98,57.0,airbnb_images\숙소_172.jpg
https://www.airbnb.co.kr/rooms/1168223248685441672?search_mode=regular_search&adults=1&check_in=2025-05-31&check_out=2025-06-05&children=0&infants=0&pets=0&source_impression_id=p3_1744546559_P34zUZKaLVhB-ZO4&previous_page_section_name=1000&federated_search_id=39506c1d-e3d9-4a8f-8126-b8b61f6a6326,4.55,31.0,airbnb_images\숙소_173.jpg
https://www.airbnb.co.kr/rooms/1139416498313767255?search_mode=regular_search&adults=1&category_tag=Tag%3A8678&check_in=2025-04-19&check_out=2025-04-24&children=0&infants=0&pets=0&photo_id=1902763314&source_impression_id=p3_1744546559_P3gwqMCHYV-rlUnb&previous_page_section_name=1000&federated_search_id=39506c1d-e3d9-4a8f-8126-b8b61f6a6326,5.0,4.0,airbnb_images\숙소_174.jpg
https://www.airbnb.co.kr/rooms/26969865?search_mode=regular_search&adults=1&check_in=2025-07-01&check_out=2025-07-06&children=0&infants=0&pets=0&source_impression_id=p3_1744546559_P3g06_6h2lRTJt5T&previous_page_section_name=1000&federated_search_id=39506c1d-e3d9-4a8f-8126-b8b61f6a6326,4.93,204.0,airbnb_images\숙소_175.jpg
https://www.airbnb.co.kr/rooms/53175340?search_mode=regular_search&adults=1&check_in=2025-05-04&check_out=2025-05-09&children=0&infants=0&pets=0&source_impression_id=p3_1744546559_P3W-wZwHv_hiL6_h&previous_page_section_name=1000&federated_search_id=39506c1d-e3d9-4a8f-8126-b8b61f6a6326,4.84,201.0,airbnb_images\숙소_176.jpg
https://www.airbnb.co.kr/rooms/38419769?search_mode=regular_search&adults=1&check_in=2025-05-06&check_out=2025-05-11&children=0&infants=0&pets=0&source_impression_id=p3_1744546559_P3t5nhtxvb51-7N6&previous_page_section_name=1000&federated_search_id=39506c1d-e3d9-4a8f-8126-b8b61f6a6326,4.6,215.0,airbnb_images\숙소_177.jpg
https://www.airbnb.co.kr/rooms/1363760206001425234?search_mode=regular_search&adults=1&check_in=2025-05-05&check_out=2025-05-10&children=0&infants=0&pets=0&source_impression_id=p3_1744546559_P3hZEMx7g0j1Oy3R&previous_page_section_name=1000&federated_search_id=39506c1d-e3d9-4a8f-8126-b8b61f6a6326,5.0,10.0,airbnb_images\숙소_178.jpg
https://www.airbnb.co.kr/rooms/1203497885190855307?search_mode=regular_search&adults=1&category_tag=Tag%3A8678&check_in=2025-05-07&check_out=2025-05-12&children=0&infants=0&pets=0&photo_id=1955581715&source_impression_id=p3_1744546559_P3bxdaqTxs8JjYcb&previous_page_section_name=1000&federated_search_id=39506c1d-e3d9-4a8f-8126-b8b61f6a6326,4.82,22.0,airbnb_images\숙소_179.jpg
https://www.airbnb.co.kr/rooms/1159364314103404660?search_mode=regular_search&adults=1&check_in=2025-05-05&check_out=2025-05-10&children=0&infants=0&pets=0&source_impression_id=p3_1744546559_P3QUP_FEWzHEOled&previous_page_section_name=1000&federated_search_id=39506c1d-e3d9-4a8f-8126-b8b61f6a6326,5.0,18.0,airbnb_images\숙소_180.jpg
https://www.airbnb.co.kr/rooms/1278657393325536864?search_mode=regular_search&adults=1&check_in=2025-05-31&check_out=2025-06-05&children=0&infants=0&pets=0&source_impression_id=p3_1744546667_P3_NaQPyPp5xKV5V&previous_page_section_name=1000&federated_search_id=d3a1804f-3127-4ffa-82fc-9d606ecbcf38,5.0,5.0,airbnb_images\숙소_181.jpg
https://www.airbnb.co.kr/rooms/1334616866864963190?search_mode=regular_search&adults=1&check_in=2025-05-07&check_out=2025-05-12&children=0&infants=0&pets=0&source_impression_id=p3_1744546667_P3zi2wlQbdnLyWXV&previous_page_section_name=1000&federated_search_id=d3a1804f-3127-4ffa-82fc-9d606ecbcf38,4.82,11.0,airbnb_images\숙소_182.jpg
https://www.airbnb.co.kr/rooms/1393091555090708141?search_mode=regular_search&adults=1&check_in=2025-05-05&check_out=2025-05-10&children=0&infants=0&pets=0&source_impression_id=p3_1744546667_P3tXZHWml_KDy_t8&previous_page_section_name=1000&federated_search_id=d3a1804f-3127-4ffa-82fc-9d606ecbcf38,,,airbnb_images\숙소_183.jpg
https://www.airbnb.co.kr/rooms/1367035947395581373?search_mode=regular_search&adults=1&check_in=2025-05-06&check_out=2025-05-11&children=0&infants=0&pets=0&source_impression_id=p3_1744546667_P37S-3BB7Jg4kVey&previous_page_section_name=1000&federated_search_id=d3a1804f-3127-4ffa-82fc-9d606ecbcf38,5.0,9.0,airbnb_images\숙소_184.jpg
https://www.airbnb.co.kr/rooms/34195632?search_mode=regular_search&adults=1&check_in=2025-05-06&check_out=2025-05-11&children=0&infants=0&pets=0&source_impression_id=p3_1744546667_P3UV1IiHaF3Y635u&previous_page_section_name=1000&federated_search_id=d3a1804f-3127-4ffa-82fc-9d606ecbcf38,4.92,250.0,airbnb_images\숙소_185.jpg
https://www.airbnb.co.kr/rooms/1286652544939715651?search_mode=regular_search&adults=1&check_in=2025-05-13&check_out=2025-05-18&children=0&infants=0&pets=0&source_impression_id=p3_1744546667_P3n1aj92jVS3R7bi&previous_page_section_name=1000&federated_search_id=d3a1804f-3127-4ffa-82fc-9d606ecbcf38,5.0,11.0,airbnb_images\숙소_186.jpg
https://www.airbnb.co.kr/rooms/1227230164359720899?search_mode=regular_search&adults=1&check_in=2025-06-09&check_out=2025-06-14&children=0&infants=0&pets=0&source_impression_id=p3_1744546667_P33qD0Ts4H4DsPPO&previous_page_section_name=1000&federated_search_id=d3a1804f-3127-4ffa-82fc-9d606ecbcf38,4.86,28.0,airbnb_images\숙소_187.jpg
https://www.airbnb.co.kr/rooms/631593092866420337?search_mode=regular_search&adults=1&check_in=2025-06-15&check_out=2025-06-20&children=0&infants=0&pets=0&source_impression_id=p3_1744546667_P3AfFeB4GB_zH7Bs&previous_page_section_name=1000&federated_search_id=d3a1804f-3127-4ffa-82fc-9d606ecbcf38,4.93,42.0,airbnb_images\숙소_188.jpg
https://www.airbnb.co.kr/rooms/34660335?search_mode=regular_search&adults=1&check_in=2025-04-22&check_out=2025-04-27&children=0&infants=0&pets=0&source_impression_id=p3_1744546667_P3_f4sDcBiiw7DmM&previous_page_section_name=1000&federated_search_id=d3a1804f-3127-4ffa-82fc-9d606ecbcf38,4.86,21.0,airbnb_images\숙소_189.jpg
https://www.airbnb.co.kr/rooms/1366389447574406609?search_mode=regular_search&adults=1&check_in=2025-07-12&check_out=2025-07-17&children=0&infants=0&pets=0&source_impression_id=p3_1744546667_P38qXB8JGzkbjarl&previous_page_section_name=1000&federated_search_id=d3a1804f-3127-4ffa-82fc-9d606ecbcf38,4.5,4.0,airbnb_images\숙소_190.jpg
https://www.airbnb.co.kr/rooms/1009858694018492732?search_mode=regular_search&adults=1&check_in=2025-04-13&check_out=2025-04-18&children=0&infants=0&pets=0&source_impression_id=p3_1744546667_P3qEtCya1Db5FGFH&previous_page_section_name=1000&federated_search_id=d3a1804f-3127-4ffa-82fc-9d606ecbcf38,4.8,15.0,airbnb_images\숙소_191.jpg
https://www.airbnb.co.kr/rooms/732254659475884087?search_mode=regular_search&adults=1&check_in=2025-04-27&check_out=2025-05-02&children=0&infants=0&pets=0&source_impression_id=p3_1744546667_P3fIeQN8aN0tLSsg&previous_page_section_name=1000&federated_search_id=d3a1804f-3127-4ffa-82fc-9d606ecbcf38,4.93,135.0,airbnb_images\숙소_192.jpg
https://www.airbnb.co.kr/rooms/1242517973517236972?search_mode=regular_search&adults=1&category_tag=Tag%3A8678&check_in=2025-05-08&check_out=2025-05-13&children=0&infants=0&pets=0&photo_id=2038462038&source_impression_id=p3_1744546667_P3MXmW9wEzz5W_bc&previous_page_section_name=1000&federated_search_id=d3a1804f-3127-4ffa-82fc-9d606ecbcf38,4.85,26.0,airbnb_images\숙소_193.jpg
https://www.airbnb.co.kr/rooms/1147709847920857822?search_mode=regular_search&adults=1&category_tag=Tag%3A8678&check_in=2025-04-20&check_out=2025-04-25&children=0&infants=0&pets=0&photo_id=2066631624&source_impression_id=p3_1744546667_P36fzU1amv7h6N-N&previous_page_section_name=1000&federated_search_id=d3a1804f-3127-4ffa-82fc-9d606ecbcf38,4.8,5.0,airbnb_images\숙소_194.jpg
https://www.airbnb.co.kr/rooms/726241527753336037?search_mode=regular_search&adults=1&check_in=2025-05-05&check_out=2025-05-10&children=0&infants=0&pets=0&source_impression_id=p3_1744546667_P3FPnJ3VZNRHHWVC&previous_page_section_name=1000&federated_search_id=d3a1804f-3127-4ffa-82fc-9d606ecbcf38,5.0,94.0,airbnb_images\숙소_195.jpg
https://www.airbnb.co.kr/rooms/42498235?search_mode=regular_search&adults=1&check_in=2025-05-04&check_out=2025-05-09&children=0&infants=0&pets=0&source_impression_id=p3_1744546667_P3Bv-GmdH447Vg1P&previous_page_section_name=1000&federated_search_id=d3a1804f-3127-4ffa-82fc-9d606ecbcf38,4.47,196.0,airbnb_images\숙소_196.jpg
https://www.airbnb.co.kr/rooms/1288466305869124099?search_mode=regular_search&adults=1&check_in=2025-05-04&check_out=2025-05-09&children=0&infants=0&pets=0&source_impression_id=p3_1744546667_P34mwztW_XRXh2lz&previous_page_section_name=1000&federated_search_id=d3a1804f-3127-4ffa-82fc-9d606ecbcf38,4.75,12.0,airbnb_images\숙소_197.jpg
https://www.airbnb.co.kr/rooms/969432798693140707?search_mode=regular_search&adults=1&check_in=2025-05-07&check_out=2025-05-12&children=0&infants=0&pets=0&source_impression_id=p3_1744546667_P3CUL_5U-5BioDd6&previous_page_section_name=1000&federated_search_id=d3a1804f-3127-4ffa-82fc-9d606ecbcf38,4.89,46.0,airbnb_images\숙소_198.jpg
https://www.airbnb.co.kr/rooms/1041568327795470581?search_mode=regular_search&adults=1&check_in=2025-06-02&check_out=2025-06-07&children=0&infants=0&pets=0&source_impression_id=p3_1744546799_P3EopM-MOoaZ673X&previous_page_section_name=1000&federated_search_id=863a1eea-0556-4a40-ac89-9692605126b0,4.57,21.0,airbnb_images\숙소_199.jpg
https://www.airbnb.co.kr/rooms/749032569603974720?search_mode=regular_search&adults=1&category_tag=Tag%3A8678&check_in=2025-04-28&check_out=2025-05-03&children=0&infants=0&pets=0&photo_id=1523709453&source_impression_id=p3_1744546800_P3_LOGT7prLuNMuz&previous_page_section_name=1000&federated_search_id=863a1eea-0556-4a40-ac89-9692605126b0,4.97,63.0,airbnb_images\숙소_200.jpg
https://www.airbnb.co.kr/rooms/1086082477070031747?search_mode=regular_search&adults=1&check_in=2025-06-30&check_out=2025-07-05&children=0&infants=0&pets=0&source_impression_id=p3_1744546800_P39dtp9tO9MJeS40&previous_page_section_name=1000&federated_search_id=863a1eea-0556-4a40-ac89-9692605126b0,5.0,49.0,airbnb_images\숙소_201.jpg
https://www.airbnb.co.kr/rooms/1303484681824940712?search_mode=regular_search&adults=1&check_in=2025-05-11&check_out=2025-05-16&children=0&infants=0&pets=0&source_impression_id=p3_1744546800_P3jeh4WWH05sTl_n&previous_page_section_name=1000&federated_search_id=863a1eea-0556-4a40-ac89-9692605126b0,4.91,11.0,airbnb_images\숙소_202.jpg
https://www.airbnb.co.kr/rooms/1374569889391498200?search_mode=regular_search&adults=1&check_in=2025-05-05&check_out=2025-05-10&children=0&infants=0&pets=0&source_impression_id=p3_1744546800_P3y-aY1HsauzCpIZ&previous_page_section_name=1000&federated_search_id=863a1eea-0556-4a40-ac89-9692605126b0,5.0,3.0,airbnb_images\숙소_203.jpg
https://www.airbnb.co.kr/rooms/1125304542569017884?search_mode=regular_search&adults=1&check_in=2025-07-13&check_out=2025-07-18&children=0&infants=0&pets=0&source_impression_id=p3_1744546800_P3Tl80b6AMBejlU9&previous_page_section_name=1000&federated_search_id=863a1eea-0556-4a40-ac89-9692605126b0,4.92,38.0,airbnb_images\숙소_204.jpg
https://www.airbnb.co.kr/rooms/1246974591808062831?search_mode=regular_search&adults=1&check_in=2025-05-13&check_out=2025-05-18&children=0&infants=0&pets=0&source_impression_id=p3_1744546800_P3vhqIwS7c-ngdLr&previous_page_section_name=1000&federated_search_id=863a1eea-0556-4a40-ac89-9692605126b0,4.95,22.0,airbnb_images\숙소_205.jpg
https://www.airbnb.co.kr/rooms/1152897317281109735?search_mode=regular_search&adults=1&check_in=2025-05-12&check_out=2025-05-17&children=0&infants=0&pets=0&source_impression_id=p3_1744546800_P3xAvzZfXZfzaz9g&previous_page_section_name=1000&federated_search_id=863a1eea-0556-4a40-ac89-9692605126b0,4.87,46.0,airbnb_images\숙소_206.jpg
https://www.airbnb.co.kr/rooms/1349573015247645805?search_mode=regular_search&adults=1&check_in=2025-04-21&check_out=2025-04-26&children=0&infants=0&pets=0&source_impression_id=p3_1744546800_P3SkSolOT6D8pBWs&previous_page_section_name=1000&federated_search_id=863a1eea-0556-4a40-ac89-9692605126b0,5.0,4.0,airbnb_images\숙소_207.jpg
https://www.airbnb.co.kr/rooms/1222524663210012879?search_mode=regular_search&adults=1&check_in=2025-07-05&check_out=2025-07-10&children=0&infants=0&pets=0&source_impression_id=p3_1744546800_P3rYS4mJYckOkZlI&previous_page_section_name=1000&federated_search_id=863a1eea-0556-4a40-ac89-9692605126b0,4.97,30.0,airbnb_images\숙소_208.jpg
https://www.airbnb.co.kr/rooms/1143870527403021212?search_mode=regular_search&adults=1&check_in=2025-08-26&check_out=2025-08-31&children=0&infants=0&pets=0&source_impression_id=p3_1744546800_P3hPSwnDVzXicnf3&previous_page_section_name=1000&federated_search_id=863a1eea-0556-4a40-ac89-9692605126b0,5.0,63.0,airbnb_images\숙소_209.jpg
https://www.airbnb.co.kr/rooms/48561722?search_mode=regular_search&adults=1&category_tag=Tag%3A8678&check_in=2025-05-10&check_out=2025-05-15&children=0&infants=0&pets=0&photo_id=1226549656&source_impression_id=p3_1744546800_P3qfaE2L-_DtVHiX&previous_page_section_name=1000&federated_search_id=863a1eea-0556-4a40-ac89-9692605126b0,4.94,112.0,airbnb_images\숙소_210.jpg
https://www.airbnb.co.kr/rooms/922368900753357791?search_mode=regular_search&adults=1&check_in=2025-04-27&check_out=2025-05-02&children=0&infants=0&pets=0&source_impression_id=p3_1744546800_P3z0p-iBQBRczmxY&previous_page_section_name=1000&federated_search_id=863a1eea-0556-4a40-ac89-9692605126b0,5.0,65.0,airbnb_images\숙소_211.jpg
https://www.airbnb.co.kr/rooms/50074327?search_mode=regular_search&adults=1&category_tag=Tag%3A8678&check_in=2025-04-27&check_out=2025-05-02&children=0&infants=0&pets=0&photo_id=1426250300&source_impression_id=p3_1744546800_P32Hk_XnVpL4tb4t&previous_page_section_name=1000&federated_search_id=863a1eea-0556-4a40-ac89-9692605126b0,4.94,49.0,airbnb_images\숙소_212.jpg
https://www.airbnb.co.kr/rooms/40089209?search_mode=regular_search&adults=1&check_in=2025-05-04&check_out=2025-05-09&children=0&infants=0&pets=0&source_impression_id=p3_1744546800_P3wSBXIO6nR1tPKx&previous_page_section_name=1000&federated_search_id=863a1eea-0556-4a40-ac89-9692605126b0,4.87,175.0,airbnb_images\숙소_213.jpg
https://www.airbnb.co.kr/rooms/917932730399593239?search_mode=regular_search&adults=1&check_in=2025-05-25&check_out=2025-05-30&children=0&infants=0&pets=0&source_impression_id=p3_1744546800_P3jwxEivd1Xvf5dW&previous_page_section_name=1000&federated_search_id=863a1eea-0556-4a40-ac89-9692605126b0,4.95,93.0,airbnb_images\숙소_214.jpg
https://www.airbnb.co.kr/rooms/1300606919653334280?search_mode=regular_search&adults=1&check_in=2025-05-27&check_out=2025-06-01&children=0&infants=0&pets=0&source_impression_id=p3_1744546800_P3vDqezSMryW0HxM&previous_page_section_name=1000&federated_search_id=863a1eea-0556-4a40-ac89-9692605126b0,5.0,29.0,airbnb_images\숙소_215.jpg
https://www.airbnb.co.kr/rooms/1234330025789769213?search_mode=regular_search&adults=1&check_in=2025-08-18&check_out=2025-08-23&children=0&infants=0&pets=0&source_impression_id=p3_1744546800_P3ZO1gWRFYDma0TB&previous_page_section_name=1000&federated_search_id=863a1eea-0556-4a40-ac89-9692605126b0,5.0,10.0,airbnb_images\숙소_216.jpg
https://www.airbnb.co.kr/rooms/917765789082588637?search_mode=regular_search&adults=1&check_in=2025-05-06&check_out=2025-05-11&children=0&infants=0&pets=0&source_impression_id=p3_1744546944_P3WhSZPPxAy5SRVA&previous_page_section_name=1000&federated_search_id=d002ef22-9edd-4d26-a0d3-013c053e0ce4,4.92,13.0,airbnb_images\숙소_217.jpg
https://www.airbnb.co.kr/rooms/1368672021898453929?search_mode=regular_search&adults=1&check_in=2025-06-27&check_out=2025-07-02&children=0&infants=0&pets=0&source_impression_id=p3_1744546945_P3eIeI6NY2NHZAsr&previous_page_section_name=1000&federated_search_id=d002ef22-9edd-4d26-a0d3-013c053e0ce4,5.0,3.0,airbnb_images\숙소_218.jpg
https://www.airbnb.co.kr/rooms/1301245720264749506?search_mode=regular_search&adults=1&check_in=2025-05-06&check_out=2025-05-11&children=0&infants=0&pets=0&source_impression_id=p3_1744546945_P3WOW4N2HOOvq5Z7&previous_page_section_name=1000&federated_search_id=d002ef22-9edd-4d26-a0d3-013c053e0ce4,4.83,6.0,airbnb_images\숙소_219.jpg
https://www.airbnb.co.kr/rooms/53763299?search_mode=regular_search&adults=1&category_tag=Tag%3A8678&check_in=2025-05-05&check_out=2025-05-10&children=0&infants=0&pets=0&photo_id=1538307772&source_impression_id=p3_1744546945_P3Wz9lYQxDJWzBQi&previous_page_section_name=1000&federated_search_id=d002ef22-9edd-4d26-a0d3-013c053e0ce4,4.95,19.0,airbnb_images\숙소_220.jpg
https://www.airbnb.co.kr/rooms/1330321213292714592?search_mode=regular_search&adults=1&check_in=2025-05-12&check_out=2025-05-17&children=0&infants=0&pets=0&source_impression_id=p3_1744546945_P3GQeI6Efn4Yk_m6&previous_page_section_name=1000&federated_search_id=d002ef22-9edd-4d26-a0d3-013c053e0ce4,5.0,12.0,airbnb_images\숙소_221.jpg
https://www.airbnb.co.kr/rooms/1254766878676203461?search_mode=regular_search&adults=1&check_in=2025-05-06&check_out=2025-05-11&children=0&infants=0&pets=0&source_impression_id=p3_1744546945_P3Tmt7cBAtxz9nAY&previous_page_section_name=1000&federated_search_id=d002ef22-9edd-4d26-a0d3-013c053e0ce4,5.0,5.0,airbnb_images\숙소_222.jpg
https://www.airbnb.co.kr/rooms/1207118033979280694?search_mode=regular_search&adults=1&check_in=2025-05-05&check_out=2025-05-10&children=0&infants=0&pets=0&source_impression_id=p3_1744546945_P3dhrg45uikocZmv&previous_page_section_name=1000&federated_search_id=d002ef22-9edd-4d26-a0d3-013c053e0ce4,4.91,23.0,airbnb_images\숙소_223.jpg
https://www.airbnb.co.kr/rooms/1390933421453886723?search_mode=regular_search&adults=1&check_in=2025-04-25&check_out=2025-04-30&children=0&infants=0&pets=0&source_impression_id=p3_1744546945_P3MQMowtNNsQxpgd&previous_page_section_name=1000&federated_search_id=d002ef22-9edd-4d26-a0d3-013c053e0ce4,,,airbnb_images\숙소_224.jpg
https://www.airbnb.co.kr/rooms/625005097247162908?search_mode=regular_search&adults=1&check_in=2025-08-13&check_out=2025-08-18&children=0&infants=0&pets=0&source_impression_id=p3_1744546945_P3YhLHSb8Oj6V3Fp&previous_page_section_name=1000&federated_search_id=d002ef22-9edd-4d26-a0d3-013c053e0ce4,4.82,129.0,airbnb_images\숙소_225.jpg
https://www.airbnb.co.kr/rooms/1364146970104754341?search_mode=regular_search&adults=1&check_in=2025-05-05&check_out=2025-05-10&children=0&infants=0&pets=0&source_impression_id=p3_1744546945_P3VyRl_b8SRmT4hc&previous_page_section_name=1000&federated_search_id=d002ef22-9edd-4d26-a0d3-013c053e0ce4,5.0,3.0,airbnb_images\숙소_226.jpg
https://www.airbnb.co.kr/rooms/1374307764727436395?search_mode=regular_search&adults=1&check_in=2025-04-20&check_out=2025-04-25&children=0&infants=0&pets=0&source_impression_id=p3_1744546945_P3gd-dUaC1Jfqf46&previous_page_section_name=1000&federated_search_id=d002ef22-9edd-4d26-a0d3-013c053e0ce4,,1.0,airbnb_images\숙소_227.jpg
https://www.airbnb.co.kr/rooms/897249179923381037?search_mode=regular_search&adults=1&check_in=2025-05-19&check_out=2025-05-24&children=0&infants=0&pets=0&source_impression_id=p3_1744546945_P3O7XyKR8G2RZL4H&previous_page_section_name=1000&federated_search_id=d002ef22-9edd-4d26-a0d3-013c053e0ce4,4.93,56.0,airbnb_images\숙소_228.jpg
https://www.airbnb.co.kr/rooms/1096088774283910097?search_mode=regular_search&adults=1&check_in=2025-07-04&check_out=2025-07-09&children=0&infants=0&pets=0&source_impression_id=p3_1744546945_P3YxO1bgchHwDfCJ&previous_page_section_name=1000&federated_search_id=d002ef22-9edd-4d26-a0d3-013c053e0ce4,4.98,42.0,airbnb_images\숙소_229.jpg
https://www.airbnb.co.kr/rooms/1253246061852280013?search_mode=regular_search&adults=1&check_in=2025-05-06&check_out=2025-05-11&children=0&infants=0&pets=0&source_impression_id=p3_1744546945_P3XmbMkpErtjmzSA&previous_page_section_name=1000&federated_search_id=d002ef22-9edd-4d26-a0d3-013c053e0ce4,,2.0,airbnb_images\숙소_230.jpg
https://www.airbnb.co.kr/rooms/989711224598280642?search_mode=regular_search&adults=1&check_in=2025-05-10&check_out=2025-05-15&children=0&infants=0&pets=0&source_impression_id=p3_1744546945_P3PJzcYRr5LfexWE&previous_page_section_name=1000&federated_search_id=d002ef22-9edd-4d26-a0d3-013c053e0ce4,4.95,133.0,airbnb_images\숙소_231.jpg
https://www.airbnb.co.kr/rooms/917932730399593239?search_mode=regular_search&adults=1&check_in=2025-05-25&check_out=2025-05-30&children=0&infants=0&pets=0&source_impression_id=p3_1744546945_P38IaQgaR0zxlA5H&previous_page_section_name=1000&federated_search_id=d002ef22-9edd-4d26-a0d3-013c053e0ce4,4.95,93.0,airbnb_images\숙소_232.jpg
https://www.airbnb.co.kr/rooms/1189031431375445242?search_mode=regular_search&adults=1&check_in=2025-05-12&check_out=2025-05-17&children=0&infants=0&pets=0&source_impression_id=p3_1744546945_P3nb52VGc1bxulLj&previous_page_section_name=1000&federated_search_id=d002ef22-9edd-4d26-a0d3-013c053e0ce4,4.93,29.0,airbnb_images\숙소_233.jpg
https://www.airbnb.co.kr/rooms/1349960539734687069?search_mode=regular_search&adults=1&check_in=2025-07-15&check_out=2025-07-20&children=0&infants=0&pets=0&source_impression_id=p3_1744546945_P3MBGhi63DkOfcJ4&previous_page_section_name=1000&federated_search_id=d002ef22-9edd-4d26-a0d3-013c053e0ce4,,2.0,airbnb_images\숙소_234.jpg
https://www.airbnb.co.kr/rooms/1138135798928773138?search_mode=regular_search&adults=1&check_in=2025-05-29&check_out=2025-06-03&children=0&infants=0&pets=0&source_impression_id=p3_1744547073_P3H2Zp2nGpv_DF3u&previous_page_section_name=1000&federated_search_id=f49c2a9b-ccd1-41a7-bcfc-66b990ed5596,4.67,9.0,airbnb_images\숙소_235.jpg
https://www.airbnb.co.kr/rooms/1220053070767153437?search_mode=regular_search&adults=1&check_in=2025-05-06&check_out=2025-05-11&children=0&infants=0&pets=0&source_impression_id=p3_1744547073_P3XNrExGMA2X5Agz&previous_page_section_name=1000&federated_search_id=f49c2a9b-ccd1-41a7-bcfc-66b990ed5596,4.86,22.0,airbnb_images\숙소_236.jpg
https://www.airbnb.co.kr/rooms/34358948?search_mode=regular_search&adults=1&check_in=2025-05-30&check_out=2025-06-04&children=0&infants=0&pets=0&source_impression_id=p3_1744547073_P3uECu74lA-UeiA4&previous_page_section_name=1000&federated_search_id=f49c2a9b-ccd1-41a7-bcfc-66b990ed5596,4.79,315.0,airbnb_images\숙소_237.jpg
https://www.airbnb.co.kr/rooms/1189568108260125107?search_mode=regular_search&adults=1&check_in=2025-07-06&check_out=2025-07-11&children=0&infants=0&pets=0&source_impression_id=p3_1744547073_P3lwr3uj9D7k2eGh&previous_page_section_name=1000&federated_search_id=f49c2a9b-ccd1-41a7-bcfc-66b990ed5596,4.97,37.0,airbnb_images\숙소_238.jpg
https://www.airbnb.co.kr/rooms/976404114300939583?search_mode=regular_search&adults=1&check_in=2025-05-05&check_out=2025-05-10&children=0&infants=0&pets=0&source_impression_id=p3_1744547073_P3-okJRBCXHf0aRm&previous_page_section_name=1000&federated_search_id=f49c2a9b-ccd1-41a7-bcfc-66b990ed5596,4.64,80.0,airbnb_images\숙소_239.jpg
https://www.airbnb.co.kr/rooms/1302673163162057415?search_mode=regular_search&adults=1&check_in=2025-05-06&check_out=2025-05-11&children=0&infants=0&pets=0&source_impression_id=p3_1744547073_P3kzK0-V7hSjvsml&previous_page_section_name=1000&federated_search_id=f49c2a9b-ccd1-41a7-bcfc-66b990ed5596,4.8,5.0,airbnb_images\숙소_240.jpg
https://www.airbnb.co.kr/rooms/54346741?search_mode=regular_search&adults=1&check_in=2025-06-01&check_out=2025-06-06&children=0&infants=0&pets=0&source_impression_id=p3_1744547073_P3pTsrGDpI-IgamJ&previous_page_section_name=1000&federated_search_id=f49c2a9b-ccd1-41a7-bcfc-66b990ed5596,4.85,102.0,airbnb_images\숙소_241.jpg
https://www.airbnb.co.kr/rooms/899554462783223644?search_mode=regular_search&adults=1&check_in=2025-06-06&check_out=2025-06-11&children=0&infants=0&pets=0&source_impression_id=p3_1744547073_P3nEUECmFO_LYr9U&previous_page_section_name=1000&federated_search_id=f49c2a9b-ccd1-41a7-bcfc-66b990ed5596,4.97,95.0,airbnb_images\숙소_242.jpg
https://www.airbnb.co.kr/rooms/1006937723709107916?search_mode=regular_search&adults=1&check_in=2025-06-05&check_out=2025-06-10&children=0&infants=0&pets=0&source_impression_id=p3_1744547073_P3Dd9fTlA92X6rRr&previous_page_section_name=1000&federated_search_id=f49c2a9b-ccd1-41a7-bcfc-66b990ed5596,4.97,58.0,airbnb_images\숙소_243.jpg
https://www.airbnb.co.kr/rooms/881906023126545313?search_mode=regular_search&adults=1&check_in=2025-05-07&check_out=2025-05-12&children=0&infants=0&pets=0&source_impression_id=p3_1744547073_P3Q2PUsvuxV5b6lQ&previous_page_section_name=1000&federated_search_id=f49c2a9b-ccd1-41a7-bcfc-66b990ed5596,4.85,100.0,airbnb_images\숙소_244.jpg
https://www.airbnb.co.kr/rooms/1255630770323460184?search_mode=regular_search&adults=1&check_in=2025-05-05&check_out=2025-05-10&children=0&infants=0&pets=0&source_impression_id=p3_1744547073_P3gM-HB0KnhOqqHL&previous_page_section_name=1000&federated_search_id=f49c2a9b-ccd1-41a7-bcfc-66b990ed5596,4.88,17.0,airbnb_images\숙소_245.jpg
https://www.airbnb.co.kr/rooms/1252509131130859281?search_mode=regular_search&adults=1&check_in=2025-05-07&check_out=2025-05-12&children=0&infants=0&pets=0&source_impression_id=p3_1744547073_P3XD0n8EbYPsLxr8&previous_page_section_name=1000&federated_search_id=f49c2a9b-ccd1-41a7-bcfc-66b990ed5596,4.98,49.0,airbnb_images\숙소_246.jpg
https://www.airbnb.co.kr/rooms/1192730724924896680?search_mode=regular_search&adults=1&check_in=2025-05-23&check_out=2025-05-28&children=0&infants=0&pets=0&source_impression_id=p3_1744547073_P32FbBxrIzXV9US0&previous_page_section_name=1000&federated_search_id=f49c2a9b-ccd1-41a7-bcfc-66b990ed5596,4.68,40.0,airbnb_images\숙소_247.jpg
https://www.airbnb.co.kr/rooms/1013596872231751779?search_mode=regular_search&adults=1&check_in=2025-06-07&check_out=2025-06-12&children=0&infants=0&pets=0&source_impression_id=p3_1744547073_P3CfYfaSY6vDtEZd&previous_page_section_name=1000&federated_search_id=f49c2a9b-ccd1-41a7-bcfc-66b990ed5596,5.0,42.0,airbnb_images\숙소_248.jpg
https://www.airbnb.co.kr/rooms/1087350846153965860?search_mode=regular_search&adults=1&check_in=2025-04-20&check_out=2025-04-25&children=0&infants=0&pets=0&source_impression_id=p3_1744547073_P3a0K9FYordKpuyN&previous_page_section_name=1000&federated_search_id=f49c2a9b-ccd1-41a7-bcfc-66b990ed5596,5.0,13.0,airbnb_images\숙소_249.jpg
https://www.airbnb.co.kr/rooms/1300428113016490650?search_mode=regular_search&adults=1&check_in=2025-05-12&check_out=2025-05-17&children=0&infants=0&pets=0&source_impression_id=p3_1744547073_P3h3ea04LrzP5Sq5&previous_page_section_name=1000&federated_search_id=f49c2a9b-ccd1-41a7-bcfc-66b990ed5596,5.0,13.0,airbnb_images\숙소_250.jpg
https://www.airbnb.co.kr/rooms/1369924836813690824?search_mode=regular_search&adults=1&check_in=2025-05-05&check_out=2025-05-10&children=0&infants=0&pets=0&source_impression_id=p3_1744547073_P3jwQqKClPMmib55&previous_page_section_name=1000&federated_search_id=f49c2a9b-ccd1-41a7-bcfc-66b990ed5596,,2.0,airbnb_images\숙소_251.jpg
https://www.airbnb.co.kr/rooms/1314283328642267388?search_mode=regular_search&adults=1&check_in=2025-07-05&check_out=2025-07-10&children=0&infants=0&pets=0&source_impression_id=p3_1744547073_P3f2ygzZoT71ST3_&previous_page_section_name=1000&federated_search_id=f49c2a9b-ccd1-41a7-bcfc-66b990ed5596,5.0,8.0,airbnb_images\숙소_252.jpg
